xmlgraphics-fop	1942336d7	java.util.Iterator__next__0_18	dummy_path	complexscripts/bidi/GenerateBidiTestData.java	removeSurrogates(List)	java.util.Iterator
jfreechart	893f9b15	java.util.Map__get__1_0	dummy_path	jfree/data/KeyToGroupMap.java	getGroup(Comparable)	java.util.Map
commons-text	7d2b511	java.util.Iterator__next__0_1	dummy_path	commons/text/StrTokenizerTest.java	testTokenizeSubclassInputChange()	java.util.Iterator
jfreechart	893f9b15	org.jfree.chart.plot.PlotRenderingInfo__getOwner__0_0	dummy_path	chart/plot/CombinedDomainXYPlot.java	draw(Graphics2D,Rectangle2D,Point2D,PlotState,PlotRenderingInfo)	org.jfree.chart.plot.PlotRenderingInfo
santuario-java	3832bd83	java.util.Iterator__next__0_2	dummy_path	processor/output/AbstractSignatureOutputProcessor.java	verifySignatureParts(OutputProcessorChain)	java.util.Iterator
jackrabbit	da3fd4199	java.util.Map__get__1_1	dummy_path	standalone/cli/CommandHelper.java	hasNode(Context,String)	java.util.Map
xmlgraphics-fop	1942336d7	java.util.Iterator__next__0_3	dummy_path	fonts/type1/PostscriptParser.java	PSDictionary()	java.util.Iterator
h2database	0ea0365c2	java.util.Iterator__next__0_4	dummy_path	dev/cluster/ShardedMap.java	CombinedSet()	java.util.Iterator
h2database	0ea0365c2	java.util.Iterator__next__0_5	dummy_path	h2/java/Expr.java	asString()	java.util.Iterator
jackrabbit	da3fd4199	java.util.Iterator__next__0_6	dummy_path	core/nodetype/EffectiveNodeTypeCacheImpl.java	remove(Key)	java.util.Iterator
xmlgraphics-fop	1942336d7	java.util.Map__get__1_2	dummy_path	fop/pdf/PDFFactory.java	makeFont(String,String,String,FontMetrics,FontDescriptor)	java.util.Map
jackrabbit	da3fd4199	java.util.Map__get__1_3	dummy_path	jackrabbit/jca/JCARepositoryManager.java	createRepository(Map)	java.util.Map
h2database	0ea0365c2	java.util.List__get__1_0	dummy_path	test/unit/TestValueHashMap.java	testRandomized()	java.util.List
jackrabbit	da3fd4199	java.util.Iterator__next__0_7	dummy_path	standalone/cli/CommandLineFactory.java	getCommandLines()	java.util.Iterator
jackrabbit	da3fd4199	java.util.Iterator__next__0_8	dummy_path	security/user/UserManagerSearchTest.java	toSet(Iterator)	java.util.Iterator
itextpdf	2d5b6a212	java.util.Map__get__1_4	dummy_path	text/pdf/PdfCopy.java	findActivesFromReference(PdfIndirectReference,ArrayList,HashSet)	java.util.Map
itextpdf	2d5b6a212	com.itextpdf.text.pdf.PdfArray__getPdfObject__1_0	dummy_path	text/pdf/PdfReader.java	PdfReader(RandomAccessFileOrArray,byte)	com.itextpdf.text.pdf.PdfArray
h2database	0ea0365c2	java.sql.ResultSet__next__0_0	dummy_path	test/db/TestFunctions.java	testPrecision()	java.sql.ResultSet
xmlgraphics-fop	1942336d7	java.util.List__get__1_1	dummy_path	fop/layoutmgr/SpaceSpecifier.java	resolve(boolean)	java.util.List
itextpdf	2d5b6a212	java.util.List__get__1_2	dummy_path	text/pdf/AcroFields.java	getNewPushbuttonFromField(String,int)	java.util.List
jackrabbit	da3fd4199	java.util.Map__get__1_5	dummy_path	jackrabbit/core/RepositoryFactoryImpl.java	getOrCreateRepository(String,Map)	java.util.Map
itextpdf	2d5b6a212	java.util.List__get__1_3	dummy_path	text/pdf/PdfContentByte.java	saveMCBlocks()	java.util.List
xmlgraphics-fop	1942336d7	java.util.Iterator__next__0_9	dummy_path	render/mif/MIFFile.java	output(OutputStream)	java.util.Iterator
jfreechart	893f9b15	java.util.Iterator__next__0_10	dummy_path	chart/text/TextLine.java	draw(Graphics2D,float,float,TextAnchor,float,float,double)	java.util.Iterator
h2database	0ea0365c2	java.sql.ResultSet__next__0_1	dummy_path	test/jdbc/TestMetaData.java	testClientInfo()	java.sql.ResultSet
commons-math	1abe3c769	java.util.List__get__1_4	dummy_path	math4/ode/ExpandableStatefulODE.java	setSecondaryState(int,double[])	java.util.List
h2database	0ea0365c2	java.lang.Short__parseShort__1_0	dummy_path	test/trace/Parser.java	parseValue()	java.lang.Short
xmlgraphics-fop	1942336d7	java.util.List__get__1_5	dummy_path	fonts/cff/CFFDataReader.java	readLocalIndexSubrs()	java.util.List
h2database	0ea0365c2	java.sql.ResultSet__next__0_2	dummy_path	test/jdbcx/TestXASimple.java	testTwoPhase(String,boolean,boolean)	java.sql.ResultSet
wildfly-elytron	a73bbba0f0	java.util.Map__get__1_6	dummy_path	auth/client/ConfigurationKeyManager.java	getCertificateChain(String)	java.util.Map
santuario-java	3832bd83	java.util.Map__get__1_7	dummy_path	stax/impl/AbstractSecurityContextImpl.java	putAsMap(Object,T,U)	java.util.Map
jackrabbit	da3fd4199	java.util.Iterator__next__0_11	dummy_path	commons/iterator/EventListenerIteratorAdapter.java	nextEventListener()	java.util.Iterator
itextpdf	2d5b6a212	java.util.List__get__1_6	dummy_path	parser/clipper/ClipperBase.java	addPaths(Paths,PolyType,boolean)	java.util.List
itextpdf	2d5b6a212	java.util.List__get__1_7	dummy_path	pdf/languages/BanglaGlyphRepositioner.java	repositionGlyphs(List)	java.util.List
swingx	820656c	javax.swing.JFrame__setVisible__1_0	dummy_path	demos/graph/GraphDemo.java	main(String[])	javax.swing.JFrame
jackrabbit	da3fd4199	java.util.Iterator__next__0_12	dummy_path	query/sql/JCRSQLQueryBuilder.java	MergingPathQueryNode()	java.util.Iterator
jackrabbit	da3fd4199	java.util.Map__get__1_8	dummy_path	core/version/InternalVersionHistoryImpl.java	getVersionByLabel(Name)	java.util.Map
pdfbox	72249f6ff	java.util.List__get__1_8	dummy_path	examples/signature/CreateVisibleSignature2.java	signPDF(File,File,Rectangle2D,String,String)	java.util.List
h2database	0ea0365c2	java.util.Map__get__1_9	dummy_path	test/store/TestMVStore.java	testBtreeStore()	java.util.Map
xmlgraphics-fop	1942336d7	java.util.Map__get__1_10	dummy_path	render/ps/AbstractPSTranscoder.java	transcode(Document,String,TranscoderOutput)	java.util.Map
jackrabbit	da3fd4199	java.util.Map__get__1_11	dummy_path	authentication/token/TokenCredentials.java	getAttribute(String)	java.util.Map
h2database	0ea0365c2	java.util.List__get__1_9	dummy_path	command/ddl/DropIndex.java	update()	java.util.List
xmlgraphics-fop	1942336d7	java.util.Map__get__1_12	dummy_path	fop/afp/AFPResourceLevelDefaults.java	getResourceType(String)	java.util.Map
commons-text	7d2b511	java.util.Iterator__next__0_13	dummy_path	commons/text/StrTokenizerTest.java	testBasicTrimmed1()	java.util.Iterator
jfreechart	893f9b15	java.util.List__get__1_10	dummy_path	data/xy/MatrixSeriesCollection.java	getX(int,int)	java.util.List
commons-text	7d2b511	java.util.Map__get__1_13	dummy_path	text/translate/LookupTranslator.java	LookupTranslator(Map)	java.util.Map
jfreechart	893f9b15	java.util.Iterator__next__0_14	dummy_path	chart/plot/CategoryPlot.java	drawDomainMarkers(Graphics2D,Rectangle2D,int,Layer)	java.util.Iterator
itextpdf	2d5b6a212	java.util.Map__get__1_14	dummy_path	itextpdf/text/Annotation.java	Annotation(float,float,float,float,String,int)	java.util.Map
jackrabbit	da3fd4199	java.util.Iterator__next__0_15	dummy_path	query/lucene/QueryHitsQuery.java	QueryHitsQueryScorer()	java.util.Iterator
jfreechart	893f9b15	java.util.Iterator__next__0_16	dummy_path	chart/text/TextLine.java	calculateBaselineOffset(Graphics2D,TextAnchor)	java.util.Iterator
itextpdf	2d5b6a212	java.util.Map__get__1_15	dummy_path	text/pdf/AcroFields.java	setFieldProperty(String,String,int,int)	java.util.Map
xmlgraphics-fop	1942336d7	java.util.Iterator__next__0_17	dummy_path	fop/layoutmgr/PageBreaker.java	handleFloatLayout(PageBreakingAlgorithm,int,BlockSequence,LayoutContext)	java.util.Iterator
h2database	0ea0365c2	java.sql.ResultSet__next__0_3	dummy_path	test/poweroff/Test.java	Test(String,String,String,String,boolean)	java.sql.ResultSet
xmlgraphics-fop	1942336d7	java.util.Iterator__next__0_18	dummy_path	complexscripts/bidi/GenerateBidiTestData.java	removeSurrogates(List)	java.util.Iterator
h2database	0ea0365c2	java.util.Map__get__1_16	dummy_path	h2/util/AbbaDetector.java	markHigher(Object,Deque)	java.util.Map
jackrabbit	da3fd4199	java.util.Iterator__next__0_19	dummy_path	jackrabbit/j2ee/JNDIConfig.java	init(Properties)	java.util.Iterator
xmlgraphics-fop	1942336d7	java.util.Map__get__1_17	dummy_path	fop/tools/EventProducerCollector.java	createMethodModel(JavaMethod)	java.util.Map
h2database	0ea0365c2	java.sql.ResultSet__next__0_4	dummy_path	test/rowlock/TestRowLocks.java	getSingleValue(Statement,String)	java.sql.ResultSet
jackrabbit	da3fd4199	java.util.Map__get__1_18	dummy_path	query/lucene/RowIteratorImpl.java	RowImpl()	java.util.Map
h2database	0ea0365c2	java.sql.ResultSet__next__0_5	dummy_path	test/db/TestLinkedTable.java	testGeometry()	java.sql.ResultSet
jackrabbit	da3fd4199	java.util.Iterator__next__0_20	dummy_path	rmi/client/SerializingContentHandler.java	endElement(String,String,String)	java.util.Iterator
h2database	0ea0365c2	java.sql.ResultSet__next__0_6	dummy_path	test/db/TestOptimizations.java	testIndexUseDespiteNullsFirst()	java.sql.ResultSet
jackrabbit	da3fd4199	java.sql.ResultSet__next__0_7	dummy_path	persistence/db/DatabasePersistenceManager.java	exists(PropertyId)	java.sql.ResultSet
jackrabbit	da3fd4199	java.io.PrintWriter__write__1_0	dummy_path	commons/cnd/CompactNodeTypeDefWriter.java	close()	java.io.PrintWriter
jackrabbit	da3fd4199	java.util.List__get__1_11	dummy_path	jackrabbit/core/CachingHierarchyManagerTest.java	StaticItemStateManager()	java.util.List
swingx	820656c	java.util.List__get__1_12	dummy_path	jdesktop/swingx/StackLayout.java	layoutContainer(Container)	java.util.List
jackrabbit	da3fd4199	java.util.Iterator__next__0_21	dummy_path	security/user/GroupTest.java	testGetDeclaredMembersAgainstDeclaredMemberOf()	java.util.Iterator
wildfly-elytron	a73bbba0f0	java.util.Map__get__1_19	dummy_path	security/authz/MapAttributes.java	set(String,int,String)	java.util.Map
jackrabbit	da3fd4199	java.util.Iterator__next__0_22	dummy_path	query/qom/AbstractQOMTest.java	forQOMandSQL2(QueryObjectModel,Callable)	java.util.Iterator
jfreechart	893f9b15	java.util.Iterator__next__0_23	dummy_path	chart/plot/CombinedRangeXYPlot.java	setShadowGenerator(ShadowGenerator)	java.util.Iterator
h2database	0ea0365c2	java.util.Map__get__1_20	dummy_path	h2/expression/ExpressionColumn.java	updateAggregate(Session)	java.util.Map
pdfbox	72249f6ff	java.util.List__get__1_13	dummy_path	examples/pdmodel/PrintURLs.java	main(String[])	java.util.List
jackrabbit	da3fd4199	java.util.Map__get__1_21	dummy_path	jackrabbit/jcr2spi/ItemInfoStore.java	updateBatch(ItemId,ItemInfo)	java.util.Map
h2database	0ea0365c2	java.util.List__get__1_14	dummy_path	test/db/TestTableEngines.java	checkPlan(Statement,String,String)	java.util.List
h2database	0ea0365c2	java.util.List__get__1_15	dummy_path	test/synth/TestJoin.java	execute(String,Object[],boolean)	java.util.List
jackrabbit	da3fd4199	java.util.Map__get__1_22	dummy_path	jcr2spi/nodetype/NodeTypeRegistryImpl.java	NodeTypeDefinitionMap()	java.util.Map
h2database	0ea0365c2	java.sql.ResultSet__next__0_8	dummy_path	test/db/TestLob.java	testLobSkip()	java.sql.ResultSet
h2database	0ea0365c2	java.sql.ResultSet__next__0_9	dummy_path	test/db/TestPowerOff.java	recoverAndCheckConsistency()	java.sql.ResultSet
jfreechart	893f9b15	org.jfree.chart.plot.PlotRenderingInfo__getOwner__0_1	dummy_path	chart/plot/CombinedDomainXYPlot.java	CombinedDomainXYPlot(ValueAxis)	org.jfree.chart.plot.PlotRenderingInfo
swingx	820656c	java.util.List__get__1_16	dummy_path	swingx/multislider/DefaultMultiThumbModel.java	getThumbAt(int)	java.util.List
pdfbox	72249f6ff	java.util.Map__get__1_23	dummy_path	fontbox/cff/CFFParserTest.java	testDeltaLists()	java.util.Map
itextpdf	2d5b6a212	java.util.List__get__1_17	dummy_path	html/simpleparser/ChainedProperties.java	getProperty(String)	java.util.List
h2database	0ea0365c2	java.util.List__get__1_18	dummy_path	h2/constraint/ConstraintReferential.java	checkRowRefTable(Session,Row,Row)	java.util.List
itextpdf	2d5b6a212	com.itextpdf.text.pdf.PdfDictionary__getAsString__1_0	dummy_path	text/pdf/PdfCopy.java	freeReader(PdfReader)	com.itextpdf.text.pdf.PdfDictionary
pdfbox	72249f6ff	java.util.Map__get__1_24	dummy_path	debugger/fontencodingpane/FontEncodingView.java	getHeaderPanel(Map)	java.util.Map
pdfbox	72249f6ff	java.util.List__get__1_19	dummy_path	fontbox/cff/Type2CharStringParser.java	parse(byte[],byte[][],byte[][],boolean)	java.util.List
h2database	0ea0365c2	java.util.List__get__1_20	dummy_path	h2/table/RegularTable.java	getScanIndex(Session)	java.util.List
directory-fortress-core	a7ab0c01	java.util.Map__get__1_25	dummy_path	core/util/AdminPermissionUtilTest.java	getPossibleAdminPermissions()	java.util.Map
jackrabbit	da3fd4199	java.util.Iterator__next__0_96	dummy_path	query/lucene/IndexMerger.java	indexAdded(String,int)	java.util.List
xmlgraphics-fop	1942336d7	java.util.List__get__1_22	dummy_path	fonts/type1/PostscriptParser.java	PSDictionary()	java.util.List
jfreechart	893f9b15	java.util.List__get__1_23	dummy_path	chart/plot/XYPlotTest.java	testRemoveAnnotation()	java.util.List
xmlgraphics-fop	1942336d7	java.util.Map__get__1_26	dummy_path	fonts/cff/CFFDataReader.java	readCharStringIndex()	java.util.Map
h2database	0ea0365c2	java.sql.ResultSet__next__0_10	dummy_path	test/db/TestFunctionOverload.java	testControl()	java.sql.ResultSet
itextpdf	2d5b6a212	java.util.List__get__1_24	dummy_path	text/pdf/PdfReader.java	eliminateSharedStreams()	java.util.List
itextpdf	2d5b6a212	com.itextpdf.text.pdf.PdfArray__getPdfObject__1_1	dummy_path	text/pdf/PdfStream.java	toPdf(PdfWriter,OutputStream)	com.itextpdf.text.pdf.PdfArray
jackrabbit	da3fd4199	java.util.Map__get__1_27	dummy_path	persistence/mem/InMemPersistenceManager.java	load(PropertyId)	java.util.Map
jackrabbit	da3fd4199	java.util.Map__get__1_28	dummy_path	version/report/ReportType.java	register(String,Namespace,Class)	java.util.Map
swingx	820656c	java.util.List__get__1_25	dummy_path	jdesktop/swingxset/DemoSelector.java	setDefaultSelectedDemo()	java.util.List
h2database	0ea0365c2	java.util.Map__get__1_29	dummy_path	h2/mvstore/MVMap.java	putIfAbsent(K,V)	java.util.Map
xmlgraphics-fop	1942336d7	java.util.Iterator__next__0_24	dummy_path	complexscripts/fonts/GlyphClassTable.java	MappedClassTable()	java.util.Iterator
h2database	0ea0365c2	java.sql.ResultSet__next__0_11	dummy_path	test/unit/TestPgServer.java	testKeyAlias()	java.sql.ResultSet
swingx	820656c	java.util.Map__get__1_30	dummy_path	jdesktop/beans/BeanInfoSupport.java	setConstrained(boolean,String)	java.util.Map
itextpdf	2d5b6a212	java.util.Iterator__next__0_25	dummy_path	xmp/impl/XMPSerializerRDF.java	serializeCompactRDFGeneralQualifier(int,XMPNode)	java.util.Iterator
h2database	0ea0365c2	java.util.Map__get__1_31	dummy_path	server/web/PageParser.java	get(String)	java.util.Map
swingx	820656c	java.util.List__get__1_26	dummy_path	jdesktop/test/CellEditorReport.java	getLastStoppedEvent()	java.util.List
jackrabbit	da3fd4199	java.util.Iterator__next__0_26	dummy_path	security/user/NodeResolverTest.java	testFindNodeByPrincipalName()	java.util.Iterator
jackrabbit	da3fd4199	java.sql.ResultSet__next__0_12	dummy_path	fs/db/DatabaseFileSystem.java	hasChildren(String)	java.sql.ResultSet
itextpdf	2d5b6a212	java.util.List__get__1_27	dummy_path	parser/clipper/DefaultClipper.java	fixupFirstLefts1(OutRec,OutRec)	java.util.List
xmlgraphics-fop	1942336d7	java.util.Map__get__1_32	dummy_path	fonts/truetype/OTFSubSetFile.java	updateFixedOffsets(Map,Offsets)	java.util.Map
jackrabbit	da3fd4199	java.util.Iterator__next__0_27	dummy_path	commons/conversion/GenerationalCache.java	put(Object,Object)	java.util.Iterator
pdfbox	72249f6ff	java.util.Iterator__next__0_28	dummy_path	graphics/image/CCITTFactoryTest.java	testCreateFromRandomAccessMulti()	java.util.Iterator
itextpdf	2d5b6a212	java.util.Map__get__1_33	dummy_path	css/parser/CssSelectorParser.java	CssIdSelector()	java.util.Map
itextpdf	2d5b6a212	java.util.List__get__1_28	dummy_path	parser/clipper/DefaultClipper.java	minkowski(Path,Path,boolean,boolean)	java.util.List
swingx	820656c	javax.swing.JFrame__setVisible__1_1	dummy_path	plaf/basic/BasicTipOfTheDayUI.java	createDialog(Component,ShowOnStartupChoice,boolean)	javax.swing.JFrame
commons-text	7d2b511	java.io.PrintWriter__write__1_1	dummy_path	text/translate/NumericEntityEscaper.java	translate(int,Writer)	java.io.PrintWriter
itextpdf	2d5b6a212	java.util.Map__get__1_34	dummy_path	text/pdf/PdfPageLabels.java	getPageLabelFormats(PdfReader)	java.util.Map
jfreechart	893f9b15	java.util.Iterator__next__0_29	dummy_path	data/general/DatasetUtils.java	iterateToFindRangeBounds(CategoryDataset,List,boolean)	java.util.Iterator
itextpdf	2d5b6a212	java.util.List__get__1_29	dummy_path	html/tps/AbstractTagprocessorTest.java	verifyEnd()	java.util.List
jfreechart	893f9b15	java.util.List__get__1_30	dummy_path	data/xy/DefaultTableXYDataset.java	getX(int,int)	java.util.List
itextpdf	2d5b6a212	com.itextpdf.text.pdf.PdfArray__getPdfObject__1_2	dummy_path	text/pdf/TaggedPdfCopyTest.java	copyTaggedPdf1()	com.itextpdf.text.pdf.PdfArray
jfreechart	893f9b15	java.util.List__get__1_31	dummy_path	data/statistics/DefaultBoxAndWhiskerXYDataset.java	getMaxOutlier(int,int)	java.util.List
jackrabbit	da3fd4199	java.util.Map__get__1_35	dummy_path	jcr2spi/nodetype/BitsetENTCacheImpl.java	get(Key)	java.util.Map
pdfbox	72249f6ff	java.util.List__get__1_32	dummy_path	operator/state/SetMatrix.java	process(Operator,List)	java.util.List
h2database	0ea0365c2	java.sql.ResultSet__next__0_13	dummy_path	test/jdbc/TestJavaObject.java	doTest(Object,Object,boolean)	java.sql.ResultSet
swingx	820656c	java.util.List__get__1_33	dummy_path	swingx/plaf/UIManagerExt.java	UIDefaultsExt()	java.util.List
commons-math	1abe3c769	java.util.Iterator__next__0_30	dummy_path	math4/stat/Frequency.java	getCumFreq(T)	java.util.Iterator
itextpdf	2d5b6a212	java.util.List__get__1_34	dummy_path	xmp/impl/XMPNode.java	getChild(int)	java.util.List
h2database	0ea0365c2	java.util.Map__get__1_36	dummy_path	store/fs/FilePathNioMem.java	getMemoryFile()	java.util.Map
h2database	0ea0365c2	java.util.List__get__1_35	dummy_path	command/dml/SelectUnion.java	init()	java.util.List
santuario-java	3832bd83	java.util.List__get__1_36	dummy_path	transformer/canonicalizer/Canonicalizer20010315_Excl.java	getCurrentUtilizedNamespaces(XMLSecStartElement,C14NStack)	java.util.List
xmlgraphics-fop	1942336d7	java.util.Iterator__next__0_31	dummy_path	fop/layoutmgr/AbstractBreaker.java	getRestartAtLM(PageBreakingAlgorithm,boolean,boolean,boolean,BlockSequence,int)	java.util.Iterator
jackrabbit	da3fd4199	java.util.List__get__1_37	dummy_path	query/sql/JCRSQLQueryBuilder.java	MergingPathQueryNode()	java.util.List
jackrabbit	da3fd4199	java.util.Iterator__next__0_32	dummy_path	core/observation/EventConsumer.java	prepareDeleted(EventStateCollection,Iterable)	java.util.Iterator
xmlgraphics-fop	1942336d7	java.util.Iterator__next__0_33	dummy_path	fop/layoutmgr/AbstractLayoutManager.java	createChildLMs(int)	java.util.Iterator
jfreechart	893f9b15	java.util.Iterator__next__0_34	dummy_path	chart/text/TextLine.java	calculateDimensions(Graphics2D)	java.util.Iterator
xmlgraphics-fop	1942336d7	java.util.List__get__1_38	dummy_path	fop/fonts/EmbedFontInfoTestCase.java	testImmutableGetters()	java.util.List
jfreechart	893f9b15	java.util.Iterator__next__0_35	dummy_path	chart/renderer/WaferMapRenderer.java	getMaxPaintValue(Integer)	java.util.Iterator
h2database	0ea0365c2	java.sql.ResultSet__next__0_14	dummy_path	test/db/TestFunctions.java	testIfNull()	java.sql.ResultSet
itextpdf	2d5b6a212	java.util.Iterator__next__0_36	dummy_path	text/pdf/PdfReader.java	PageRefs()	java.util.Iterator
jackrabbit	da3fd4199	java.util.Map__get__1_37	dummy_path	jcr2spi/hierarchy/ChildNodeEntriesImpl.java	NameMap()	java.util.Map
h2database	0ea0365c2	java.sql.ResultSet__next__0_15	dummy_path	test/jdbc/TestResultSet.java	testDecimal()	java.sql.ResultSet
xmlgraphics-fop	1942336d7	java.util.Map__get__1_38	dummy_path	fonts/type1/Type1SubsetFile.java	searchEntries(HashMap,int)	java.util.Map
jackrabbit	da3fd4199	java.util.Iterator__next__0_37	dummy_path	client/iterator/ClientRowIterator.java	nextRow()	java.util.Iterator
jackrabbit	da3fd4199	java.util.Map__get__1_39	dummy_path	cli/core/RemoveItems.java	execute(Context)	java.util.Map
jfreechart	893f9b15	java.util.Iterator__next__0_38	dummy_path	chart/axis/CategoryAxis.java	equalPaintMaps(Map,Map)	java.util.Iterator
jfreechart	893f9b15	java.util.List__get__1_39	dummy_path	jfree/data/KeyedObjects2D.java	getObject(int,int)	java.util.List
itextpdf	2d5b6a212	java.util.List__get__1_40	dummy_path	parser/clipper/Paths.java	getBounds()	java.util.List
h2database	0ea0365c2	java.util.Iterator__next__0_39	dummy_path	mvstore/db/MVSecondaryIndex.java	Source()	java.util.Iterator
jfreechart	893f9b15	org.jfree.chart.plot.PlotRenderingInfo__getOwner__0_2	dummy_path	chart/plot/PiePlot3D.java	PiePlot3D()	org.jfree.chart.plot.PlotRenderingInfo
xmlgraphics-fop	1942336d7	java.util.Iterator__next__0_40	dummy_path	layoutmgr/list/ListItemLayoutManager.java	getChangedKnuthElements(List,int)	java.util.Iterator
xmlgraphics-fop	1942336d7	java.util.Map__get__1_40	dummy_path	util/text/ChoiceFieldPart.java	isGenerated(Map)	java.util.Map
jfreechart	893f9b15	java.util.List__get__1_41	dummy_path	data/xy/YIntervalSeriesCollection.java	removeAllSeries()	java.util.List
jfreechart	893f9b15	org.jfree.chart.plot.PlotRenderingInfo__getOwner__0_3	dummy_path	chart/plot/MultiplePiePlot.java	MultiplePiePlot()	org.jfree.chart.plot.PlotRenderingInfo
h2database	0ea0365c2	java.util.Map__get__1_41	dummy_path	h2/expression/JavaAggregate.java	updateAggregate(Session)	java.util.Map
h2database	0ea0365c2	java.sql.ResultSet__next__0_16	dummy_path	test/db/TestDateStorage.java	testDateTimeTimestampWithCalendar()	java.sql.ResultSet
santuario-java	3832bd83	java.util.Iterator__next__0_41	dummy_path	stax/impl/XMLSecurityEventReader.java	XMLSecurityEventReader(Deque,int)	java.util.Iterator
jackrabbit	da3fd4199	java.util.Map__get__1_42	dummy_path	jackrabbit/spi2dav/IdURICache.java	getItemId(String)	java.util.Map
h2database	0ea0365c2	java.util.List__get__1_42	dummy_path	command/dml/Select.java	init()	java.util.List
jackrabbit	da3fd4199	java.util.List__get__1_43	dummy_path	commons/name/PathMap.java	Element()	java.util.List
xmlgraphics-fop	1942336d7	java.util.List__get__1_44	dummy_path	fop/layoutmgr/ElementListUtils.java	determinePreviousBreak(List,int)	java.util.List
xmlgraphics-fop	1942336d7	java.util.List__get__1_45	dummy_path	fop/layoutmgr/BalancingColumnBreakingAlgorithm.java	getElementIdBreaks(List,int)	java.util.List
commons-text	7d2b511	java.util.List__get__1_46	dummy_path	text/diff/StringsComparatorTest.java	testExecution()	java.util.List
jfreechart	893f9b15	org.jfree.chart.plot.PlotRenderingInfo__getOwner__0_4	dummy_path	renderer/xy/DeviationRenderer.java	DeviationRenderer()	org.jfree.chart.plot.PlotRenderingInfo
jfreechart	893f9b15	org.jfree.chart.plot.CategoryPlot__getDataset__1_0	dummy_path	renderer/category/AbstractCategoryItemRenderer.java	getLegendItems()	org.jfree.chart.plot.CategoryPlot
xmlgraphics-fop	1942336d7	java.util.List__get__1_47	dummy_path	layoutmgr/list/ListItemLayoutManager.java	getNextStep(List[],int[],int[],int[])	java.util.List
swingx	820656c	javax.swing.JFrame__setVisible__1_2	dummy_path	demos/tipoftheday/TipOfTheDayDemo.java	main(String[])	javax.swing.JFrame
itextpdf	2d5b6a212	com.itextpdf.text.pdf.PdfDictionary__getAsString__1_1	dummy_path	text/pdf/PdfCopy.java	branchForm(HashMap,PdfIndirectReference,String)	com.itextpdf.text.pdf.PdfDictionary
itextpdf	2d5b6a212	java.util.List__get__1_48	dummy_path	text/pdf/XfaForm.java	InverseStore()	java.util.List
itextpdf	2d5b6a212	java.util.Map__get__1_43	dummy_path	text/pdf/PdfStamperImp.java	getPageStamp(int)	java.util.Map
xmlgraphics-fop	1942336d7	java.util.List__get__1_49	dummy_path	rtflib/rtfdoc/RtfTableCell.java	writeRtfSuffix()	java.util.List
h2database	0ea0365c2	java.util.Map__get__1_44	dummy_path	h2/util/SynchronizedVerifier.java	detectConcurrentAccess(Object)	java.util.Map
h2database	0ea0365c2	java.nio.channels.FileChannel__write__1_0	dummy_path	test/unit/TestFileSystem.java	testReadOnly(String)	java.nio.channels.FileChannel
jfreechart	893f9b15	java.util.Iterator__next__0_65	dummy_path	json/impl/JSONArray.java	toJSONString(List)	java.util.Iterator
pdfbox	72249f6ff	java.util.List__get__1_50	dummy_path	xmpbox/type/AbstractComplexProperty.java	getArrayProperty(String)	java.util.List
jackrabbit	da3fd4199	java.util.Iterator__next__0_43	dummy_path	jcr2spi/hierarchy/ChildNodeEntriesImpl.java	update(Iterator)	java.util.Iterator
itextpdf	2d5b6a212	java.util.List__get__1_51	dummy_path	text/pdf/ColumnText.java	findLimitsPoint(ArrayList)	java.util.List
itextpdf	2d5b6a212	com.itextpdf.text.pdf.PdfDictionary__getAsString__1_2	dummy_path	text/pdf/CMapAwareDocumentFont.java	CMapAwareDocumentFont(PRIndirectReference)	com.itextpdf.text.pdf.PdfDictionary
itextpdf	2d5b6a212	com.itextpdf.text.pdf.PdfArray__getPdfObject__1_3	dummy_path	text/pdf/PdfReader.java	PdfReader(URL,byte)	com.itextpdf.text.pdf.PdfArray
h2database	0ea0365c2	java.sql.ResultSet__next__0_17	dummy_path	test/jdbc/TestLobApi.java	testBlob(int)	java.sql.ResultSet
itextpdf	2d5b6a212	com.itextpdf.text.pdf.PdfArray__getPdfObject__1_4	dummy_path	pdf/parser/InlineImageUtils.java	getAlternateValue(PdfName,PdfObject)	com.itextpdf.text.pdf.PdfArray
itextpdf	2d5b6a212	java.util.Iterator__next__0_44	dummy_path	pdf/pdfcleanup/PdfCleanUpRegionFilter.java	addContour(Path,List,Boolean)	java.util.Iterator
jackrabbit	da3fd4199	java.util.Map__get__1_45	dummy_path	jcr/property/NamespacesProperty.java	NamespacesProperty(NamespaceRegistry)	java.util.Map
santuario-java	3832bd83	javax.crypto.Cipher__init__2_0	dummy_path	processor/output/AbstractEncryptOutputProcessor.java	AbstractInternalEncryptionOutputProcessor()	javax.crypto.Cipher
jfreechart	893f9b15	java.util.Map__get__1_46	dummy_path	chart/axis/CategoryAxis.java	writePaintMap(Map,ObjectOutputStream)	java.util.Map
jfreechart	893f9b15	java.util.Iterator__next__0_45	dummy_path	data/statistics/Statistics.java	calculateMean(Collection,boolean)	java.util.Iterator
xmlgraphics-fop	1942336d7	java.io.ObjectOutputStream__writeObject__1_0	dummy_path	fop/hyphenation/SerializeHyphPattern.java	serializeFile(File,File)	java.io.ObjectOutputStream
itextpdf	2d5b6a212	com.itextpdf.text.pdf.PdfDictionary__getAsString__1_3	dummy_path	text/pdf/CMapAwareDocumentFont.java	processToUnicode()	com.itextpdf.text.pdf.PdfDictionary
h2database	0ea0365c2	java.util.Map__get__1_47	dummy_path	h2/mvstore/MVMap.java	replace(K,V,V)	java.util.Map
jackrabbit	da3fd4199	java.util.Map__get__1_48	dummy_path	commons/privilege/PrivilegeXmlHandler.java	writeDefinitions(Result,PrivilegeDefinition[],Map)	java.util.Map
xmlgraphics-fop	1942336d7	java.util.List__get__1_52	dummy_path	complexscripts/fonts/GlyphPositioningTable.java	SingleSubtableFormat2()	java.util.List
santuario-java	3832bd83	java.io.PrintWriter__write__1_2	dummy_path	impl/stax/XMLSecNamespaceImpl.java	writeAsEncodedUnicode(Writer)	java.io.PrintWriter
jfreechart	893f9b15	java.util.Map__get__1_49	dummy_path	renderer/category/AbstractCategoryItemRenderer.java	getSeriesItemURLGenerator(int)	java.util.Map
jfreechart	893f9b15	java.util.Iterator__next__0_46	dummy_path	jfree/chart/PaintMap.java	equals(Object)	java.util.Iterator
jackrabbit	da3fd4199	java.util.Iterator__next__0_47	dummy_path	jackrabbit/core/BatchedItemOperations.java	copy(Path,ItemStateManager,HierarchyManager,AccessManager,Path,int)	java.util.Iterator
jackrabbit	da3fd4199	java.util.Iterator__next__0_48	dummy_path	security/user/UserManagerTest.java	testQueryUserWithSpecialCharId()	java.util.Iterator
commons-math	1abe3c769	java.util.List__get__1_53	dummy_path	math4/distribution/EmpiricalDistribution.java	kB(int)	java.util.List
jfreechart	893f9b15	java.util.Iterator__next__0_49	dummy_path	chart/plot/CombinedDomainCategoryPlot.java	setShadowGenerator(ShadowGenerator)	java.util.Iterator
jfreechart	893f9b15	java.util.List__get__1_54	dummy_path	data/xy/XIntervalSeriesCollection.java	getStartXValue(int,int)	java.util.List
jackrabbit	da3fd4199	java.util.Iterator__next__0_50	dummy_path	core/data/TestCaseBase.java	doDeleteAllOlderThan()	java.util.Iterator
h2database	0ea0365c2	java.sql.ResultSet__next__0_18	dummy_path	test/jdbc/TestGetGeneratedKeys.java	testMergeUsing(Connection)	java.sql.ResultSet
santuario-java	3832bd83	java.io.PrintWriter__write__1_3	dummy_path	impl/stax/XMLSecDTDImpl.java	writeAsEncodedUnicode(Writer)	java.io.PrintWriter
jackrabbit	da3fd4199	java.util.Iterator__next__0_51	dummy_path	core/integration/ItemSequenceTest.java	testSingletonPropertySequence()	java.util.Iterator
h2database	0ea0365c2	java.util.Map__get__1_50	dummy_path	mvstore/rtree/MVRTreeMap.java	putOrAdd(SpatialKey,V,boolean)	java.util.Map
jackrabbit	da3fd4199	java.sql.ResultSet__next__0_19	dummy_path	core/journal/DatabaseJournal.java	DatabaseRevision()	java.sql.ResultSet
xmlgraphics-fop	1942336d7	java.util.StringTokenizer__nextToken__0_0	dummy_path	fop/svg/PDFANode.java	paint(Graphics2D)	java.util.StringTokenizer
jfreechart	893f9b15	java.util.Iterator__next__0_52	dummy_path	chart/axis/ValueAxis.java	findMaximumTickLabelHeight(List,Graphics2D,Rectangle2D,boolean)	java.util.Iterator
xmlgraphics-fop	1942336d7	java.util.Iterator__next__0_53	dummy_path	layoutmgr/inline/TextLayoutManager.java	addALetterSpaceTo(List,int)	java.util.Iterator
h2database	0ea0365c2	java.util.List__get__1_55	dummy_path	h2/jdbc/JdbcConnection.java	getQueryTimeout()	java.util.List
jfreechart	893f9b15	org.jfree.chart.plot.PlotRenderingInfo__getOwner__0_5	dummy_path	renderer/xy/DeviationRenderer.java	drawItem(Graphics2D,XYItemRendererState,Rectangle2D,PlotRenderingInfo,XYPlot,ValueAxis,ValueAxis,XYDataset,int,int,CrosshairState,int)	org.jfree.chart.plot.PlotRenderingInfo
h2database	0ea0365c2	java.sql.ResultSet__next__0_20	dummy_path	test/db/TestFunctions.java	assertCallResult(String,Statement,String)	java.sql.ResultSet
jfreechart	893f9b15	java.util.List__get__1_56	dummy_path	data/statistics/DefaultBoxAndWhiskerXYDataset.java	getX(int,int)	java.util.List
commons-math	1abe3c769	java.util.List__get__1_57	dummy_path	math4/genetics/ElitisticListPopulation.java	nextGeneration()	java.util.List
jackrabbit	da3fd4199	java.util.Iterator__next__0_54	dummy_path	commons/iterator/FrozenNodeIteratorAdapter.java	nextNode()	java.util.Iterator
jfreechart	893f9b15	java.util.Iterator__next__0_55	dummy_path	data/general/DatasetUtils.java	createConsolidatedPieDataset(PieDataset,Comparable,double,int)	java.util.Iterator
h2database	0ea0365c2	java.sql.ResultSet__next__0_21	dummy_path	test/db/TestBigDb.java	testLargeTable()	java.sql.ResultSet
h2database	0ea0365c2	java.sql.ResultSet__next__0_22	dummy_path	test/db/TestLob.java	testClob()	java.sql.ResultSet
itextpdf	2d5b6a212	java.util.List__get__1_58	dummy_path	pdf/languages/IndicGlyphRepositioner.java	getNextGlyph(List,int)	java.util.List
jackrabbit	da3fd4199	java.util.Iterator__next__0_56	dummy_path	core/data/ConsistencyCheckerImplTest.java	testDoubleCheckMissingNode()	java.util.Iterator
jfreechart	893f9b15	java.util.List__get__1_59	dummy_path	data/time/TimeSeriesCollection.java	getSeriesIndex(Comparable)	java.util.List
jackrabbit	da3fd4199	java.util.Iterator__next__0_57	dummy_path	webdav/xml/ResultHelper.java	SerializingContentHandler()	java.util.Iterator
jackrabbit	da3fd4199	java.util.Iterator__next__0_58	dummy_path	cli/info/AbstractLsProperties.java	execute(Context)	java.util.Iterator
swingx	820656c	java.util.Map__get__1_51	dummy_path	swingset3/codeview/CodeViewer.java	moveToLastSnippet()	java.util.Map
jfreechart	893f9b15	java.util.Map__get__1_52	dummy_path	renderer/xy/AbstractXYItemRenderer.java	getSeriesItemLabelGenerator(int)	java.util.Map
jackrabbit	da3fd4199	java.util.Map__get__1_53	dummy_path	security/user/NodeCreationTest.java	testIllegalChars()	java.util.Map
itextpdf	2d5b6a212	java.util.List__get__1_60	dummy_path	xml/html/SubAndSupTest.java	resolveTextRise()	java.util.List
h2database	0ea0365c2	java.sql.ResultSet__next__0_23	dummy_path	test/store/TestMVTableEngine.java	testLowRetentionTime()	java.sql.ResultSet
h2database	0ea0365c2	java.util.Map__get__1_54	dummy_path	server/web/WebApp.java	adminStartTranslate()	java.util.Map
commons-text	7d2b511	java.util.Iterator__next__0_59	dummy_path	commons/text/StringTokenizerTest.java	testIteration()	java.util.Iterator
jackrabbit	da3fd4199	java.util.Map__get__1_55	dummy_path	cli/mixin/RemoveMixin.java	execute(Context)	java.util.Map
xmlgraphics-fop	1942336d7	java.util.Map__get__1_56	dummy_path	render/ps/PSRendererConfig.java	getRenderingMode()	java.util.Map
itextpdf	2d5b6a212	com.itextpdf.text.pdf.PdfArray__getPdfObject__1_5	dummy_path	pdf/security/LtvVerification.java	getSignatureHashKey(String)	com.itextpdf.text.pdf.PdfArray
itextpdf	2d5b6a212	java.util.List__get__1_61	dummy_path	pdf/parser/PdfContentStreamProcessor.java	SetLineCap()	java.util.List
h2database	0ea0365c2	java.util.Iterator__next__0_60	dummy_path	test/store/TestMVRTree.java	testRandom(boolean)	java.util.Iterator
itextpdf	2d5b6a212	java.util.List__get__1_62	dummy_path	text/pdf/PdfReader.java	decodeBytes(byte[],PdfDictionary,Map)	java.util.List
xmlgraphics-fop	1942336d7	java.util.List__get__1_63	dummy_path	fop/pdf/PDFOutline.java	addOutline(PDFOutline)	java.util.List
curator	2af84b9f	java.util.Iterator__next__0_61	dummy_path	x/discovery/TestUriSpec.java	testBasic()	java.util.Iterator
h2database	0ea0365c2	java.util.Map__get__1_57	dummy_path	test/store/TestMVStore.java	testFileFormatChange()	java.util.Map
xmlgraphics-fop	1942336d7	java.io.ObjectOutputStream__writeObject__1_1	dummy_path	fop/fonts/FontCache.java	saveTo(File)	java.io.ObjectOutputStream
commons-math	1abe3c769	java.util.Iterator__next__0_62	dummy_path	euclidean/twod/NestedLoops.java	add(NestedLoops)	java.util.Iterator
h2database	0ea0365c2	java.sql.ResultSet__next__0_24	dummy_path	test/db/TestLob.java	testConvert()	java.sql.ResultSet
jackrabbit	da3fd4199	java.util.Iterator__next__0_63	dummy_path	security/authorization/PrivilegeRegistry.java	createCustomDefinitions(Map)	java.util.Iterator
jfreechart	893f9b15	java.util.Iterator__next__0_64	dummy_path	json/impl/JSONArray.java	writeJSONString(List,Writer)	java.util.Iterator
jfreechart	893f9b15	java.util.Iterator__next__0_65	dummy_path	json/impl/JSONArray.java	toJSONString(List)	java.util.Iterator
jfreechart	893f9b15	java.util.Iterator__next__0_66	dummy_path	chart/axis/SymbolAxis.java	drawGridBandsVertical(Graphics2D,Rectangle2D,Rectangle2D,boolean,List)	java.util.Iterator
h2database	0ea0365c2	java.sql.ResultSet__next__0_25	dummy_path	test/db/TestFunctions.java	testFunctionTableVarArgs()	java.sql.ResultSet
h2database	0ea0365c2	java.sql.ResultSet__next__0_26	dummy_path	h2/samples/SQLInjection.java	listItemsSortedSecureParam()	java.sql.ResultSet
jackrabbit	da3fd4199	java.util.Iterator__next__0_67	dummy_path	security/user/AuthorizableTest.java	testDeclaredMemberOf()	java.util.Iterator
jfreechart	893f9b15	java.util.List__get__1_64	dummy_path	chart/plot/CombinedRangeCategoryPlot.java	calculateAxisSpace(Graphics2D,Rectangle2D)	java.util.List
santuario-java	3832bd83	java.util.Iterator__next__0_68	dummy_path	algorithms/implementations/ECDSAUtils.java	getOIDFromPublicKey(ECPublicKey)	java.util.Iterator
jfreechart	893f9b15	java.util.Iterator__next__0_69	dummy_path	chart/plot/PiePlot.java	drawLabels(Graphics2D,List,double,Rectangle2D,Rectangle2D,PiePlotState)	java.util.Iterator
jackrabbit	da3fd4199	java.util.Iterator__next__0_70	dummy_path	commons/xml/Exporter.java	endElement(String,String)	java.util.Iterator
commons-math	1abe3c769	java.util.List__get__1_65	dummy_path	math4/genetics/NPointCrossover.java	mate(AbstractListChromosome,AbstractListChromosome)	java.util.List
h2database	0ea0365c2	java.util.StringTokenizer__nextToken__0_1	dummy_path	server/web/WebThread.java	parseHeader()	java.util.StringTokenizer
wildfly-elytron	a73bbba0f0	java.util.Iterator__next__0_71	dummy_path	sasl/util/TLSServerEndPointChannelBindingSaslServerFactory.java	createSaslServer(String,String,String,Map,CallbackHandler)	java.util.Iterator
jackrabbit	da3fd4199	java.util.Iterator__next__0_72	dummy_path	standalone/cli/JcrParser.java	depopulateContext(Context)	java.util.Iterator
jackrabbit	da3fd4199	java.util.Iterator__next__0_73	dummy_path	core/query/QueryResultTest.java	testGetPosition()	java.util.Iterator
h2database	0ea0365c2	java.util.Map__get__1_58	dummy_path	h2/expression/Function.java	getDatePart(String)	java.util.Map
itextpdf	2d5b6a212	java.util.List__get__1_66	dummy_path	text/pdf/TrueTypeFont.java	getNames(int)	java.util.List
h2database	0ea0365c2	java.sql.ResultSet__next__0_27	dummy_path	test/db/TestMultiDimension.java	testPerformance3d()	java.sql.ResultSet
commons-text	7d2b511	java.util.Iterator__next__0_74	dummy_path	commons/text/StrTokenizerTest.java	testBasic3()	java.util.Iterator
h2database	0ea0365c2	java.util.List__get__1_67	dummy_path	h2/jdbc/JdbcStatement.java	executeBatch()	java.util.List
h2database	0ea0365c2	java.sql.ResultSet__next__0_28	dummy_path	test/db/TestAlter.java	testAlterTableAddColumnAfter()	java.sql.ResultSet
jackrabbit	da3fd4199	java.util.Map__get__1_59	dummy_path	security/user/NodeCreationTest.java	testAutoExpand()	java.util.Map
jackrabbit	da3fd4199	java.util.Iterator__next__0_75	dummy_path	security/principal/PrincipalManagerImpl.java	CheckedPrincipalIterator()	java.util.Iterator
h2database	0ea0365c2	java.io.PrintWriter__write__1_4	dummy_path	test/db/TaskProcess.java	send(String)	java.io.PrintWriter
commons-math	1abe3c769	java.util.List__get__1_68	dummy_path	math4/distribution/EnumeratedDistribution.java	EnumeratedDistribution(List)	java.util.List
pdfbox	72249f6ff	java.util.Map__get__1_60	dummy_path	fontbox/ttf/CmapSubtable.java	getCharCodes(int)	java.util.Map
wildfly-elytron	a73bbba0f0	java.util.Map__get__1_61	dummy_path	sasl/scram/ScramUtil.java	getSecureRandom(Map)	java.util.Map
jackrabbit	da3fd4199	java.util.Iterator__next__0_76	dummy_path	core/persistence/AutoFixCorruptNode.java	testAutoFixWithConsistencyCheck()	java.util.Iterator
itextpdf	2d5b6a212	com.itextpdf.text.pdf.PdfArray__getPdfObject__1_6	dummy_path	text/pdf/PdfReader.java	getPageContent(int,RandomAccessFileOrArray)	com.itextpdf.text.pdf.PdfArray
h2database	0ea0365c2	java.util.Iterator__next__0_77	dummy_path	test/store/TestTransactionStore.java	testGetModifiedMaps()	java.util.Iterator
jackrabbit	da3fd4199	java.util.Iterator__next__0_78	dummy_path	core/integration/WorkspaceInitTest.java	testIdleTime()	java.util.Iterator
itextpdf	2d5b6a212	java.util.Map__get__1_62	dummy_path	xml/css/HeightCalculator.java	getHeight(Tag,float)	java.util.Map
commons-text	7d2b511	java.util.Iterator__next__0_79	dummy_path	commons/text/StringTokenizerTest.java	testConstructor_charArray()	java.util.Iterator
jackrabbit	da3fd4199	java.util.Map__get__1_63	dummy_path	standalone/cli/CommandLineFactory.java	getCommandLine(String)	java.util.Map
jackrabbit	da3fd4199	java.util.Map__get__1_64	dummy_path	persistence/util/NodeInfo.java	getNodeId(NodeId)	java.util.Map
h2database	0ea0365c2	java.lang.Long__parseLong__1_0	dummy_path	h2/tools/ConvertTraceFile.java	convertFile(String,String,String)	java.lang.Long
jackrabbit	da3fd4199	java.util.Iterator__next__0_80	dummy_path	jackrabbit/commons/JcrUtils.java	getRepository(Map)	java.util.Iterator
h2database	0ea0365c2	java.util.List__get__1_69	dummy_path	h2/index/ScanIndex.java	getRow(Session,long)	java.util.List
h2database	0ea0365c2	java.util.Map__get__1_65	dummy_path	h2/util/CacheSecondLevel.java	get(int)	java.util.Map
wildfly-elytron	a73bbba0f0	java.nio.ByteBuffer__put__1_0	dummy_path	http/impl/NonceManager.java	generateNonce(byte[])	java.nio.ByteBuffer
itextpdf	2d5b6a212	com.itextpdf.text.pdf.PdfDictionary__getAsString__1_4	dummy_path	text/pdf/PdfCopyFieldsImp.java	PdfCopyFieldsImp(OutputStream,char)	com.itextpdf.text.pdf.PdfDictionary
itextpdf	2d5b6a212	java.util.Iterator__next__0_81	dummy_path	text/pdf/SimpleBookmark.java	iterateOutlines(PdfWriter,PdfIndirectReference,List,boolean)	java.util.Iterator
jfreechart	893f9b15	java.util.List__get__1_70	dummy_path	chart/plot/CombinedDomainXYPlot.java	handleClick(int,int,PlotRenderingInfo)	java.util.List
jackrabbit	da3fd4199	java.util.Iterator__next__0_82	dummy_path	jackrabbit/commons/AbstractNode.java	getProperty(String)	java.util.Iterator
jfreechart	893f9b15	java.util.List__get__1_71	dummy_path	chart/plot/CombinedRangeCategoryPlot.java	remove(CategoryPlot)	java.util.List
jfreechart	893f9b15	java.util.List__get__1_72	dummy_path	data/xy/XIntervalSeriesCollection.java	getEndXValue(int,int)	java.util.List
commons-math	1abe3c769	java.util.List__get__1_73	dummy_path	math4/genetics/OnePointCrossover.java	crossover(AbstractListChromosome,AbstractListChromosome)	java.util.List
swingx	820656c	java.util.List__get__1_74	dummy_path	jdesktop/test/PropertyChangeReport.java	getLastEvent()	java.util.List
h2database	0ea0365c2	java.util.Map__get__1_66	dummy_path	h2/util/Profiler.java	increment(HashMap,String,int)	java.util.Map
commons-math	1abe3c769	java.util.Map__get__1_67	dummy_path	ml/clustering/DBSCANClusterer.java	cluster(Collection)	java.util.Map
itextpdf	2d5b6a212	com.itextpdf.text.pdf.PdfArray__getPdfObject__1_7	dummy_path	text/pdf/PdfDeviceNColor.java	getPdfObject(PdfWriter)	com.itextpdf.text.pdf.PdfArray
wildfly-elytron	a73bbba0f0	java.util.Map__get__1_68	dummy_path	http/impl/FormAuthenticationMechanism.java	FormAuthenticationMechanism(CallbackHandler,Map)	java.util.Map
curator	2af84b9f	java.util.List__get__1_75	dummy_path	modeled/details/ZPathImpl.java	buildFullPath(UnaryOperator)	java.util.List
h2database	0ea0365c2	java.util.List__get__1_76	dummy_path	command/dml/Select.java	isGroupSortedIndex(TableFilter,Index)	java.util.List
santuario-java	3832bd83	java.util.Iterator__next__0_83	dummy_path	dom/utils/DocumentBuilderPoolingTest.java	testPooling()	java.util.Iterator
swingx	820656c	java.util.Iterator__next__0_84	dummy_path	swingx/action/CompositeAction.java	itemStateChanged(ItemEvent)	java.util.Iterator
h2database	0ea0365c2	java.sql.ResultSet__next__0_29	dummy_path	test/db/TestCases.java	testPreparedSubquery()	java.sql.ResultSet
itextpdf	2d5b6a212	java.util.Map__get__1_69	dummy_path	pdf/pdfcleanup/PdfCleanUpProcessor.java	drawOverlayText(PdfContentByte,List,PdfString,PdfString,PdfNumber,PdfBoolean)	java.util.Map
itextpdf	2d5b6a212	java.util.Iterator__next__0_85	dummy_path	text/pdf/CFFFontSubset.java	BuildNewFile(int)	java.util.Iterator
jfreechart	893f9b15	java.util.List__get__1_77	dummy_path	data/xy/XYSeries.java	add(XYDataItem,boolean)	java.util.List
jackrabbit	da3fd4199	java.sql.ResultSet__next__0_30	dummy_path	fs/db/DatabaseFileSystem.java	isFile(String)	java.sql.ResultSet
jfreechart	893f9b15	java.util.List__get__1_78	dummy_path	data/gantt/TaskSeriesCollection.java	getPercentComplete(Comparable,Comparable)	java.util.List
xmlgraphics-fop	1942336d7	java.util.Map__get__1_70	dummy_path	fop/area/IDTracker.java	addUnresolvedIDRef(String,Resolvable)	java.util.Map
jackrabbit	da3fd4199	java.util.List__get__1_79	dummy_path	core/observation/EventState.java	getCommonPath(List,SessionImpl)	java.util.List
wildfly-elytron	a73bbba0f0	java.util.Map__get__1_71	dummy_path	sasl/util/AbstractSaslParticipant.java	getStringProperty(Map,String,String)	java.util.Map
commons-math	1abe3c769	java.util.Map__get__1_72	dummy_path	analysis/differentiation/DSCompilerTest.java	testCompositionRules()	java.util.Map
xmlgraphics-fop	1942336d7	java.util.Iterator__next__0_86	dummy_path	flow/table/Table.java	collectDelimitedTextRanges(Stack,DelimitedTextRange)	java.util.Iterator
xmlgraphics-fop	1942336d7	java.util.List__get__1_80	dummy_path	fop/area/LinkResolver.java	resolveIDRef(String,List)	java.util.List
jfreechart	893f9b15	org.jfree.chart.plot.PlotRenderingInfo__getOwner__0_6	dummy_path	renderer/xy/HighLowRenderer.java	drawItem(Graphics2D,XYItemRendererState,Rectangle2D,PlotRenderingInfo,XYPlot,ValueAxis,ValueAxis,XYDataset,int,int,CrosshairState,int)	org.jfree.chart.plot.PlotRenderingInfo
commons-math	1abe3c769	java.util.Iterator__next__0_87	dummy_path	math4/stat/Frequency.java	merge(Frequency)	java.util.Iterator
jackrabbit	da3fd4199	java.util.Iterator__next__0_88	dummy_path	security/user/AuthorizableTest.java	testGetPropertyNamesByRelPath()	java.util.Iterator
santuario-java	3832bd83	java.util.Iterator__next__0_89	dummy_path	stax/impl/XMLSecurityStreamReader.java	getNamespaceCount()	java.util.Iterator
itextpdf	2d5b6a212	java.util.Iterator__next__0_90	dummy_path	xmp/impl/XMPSerializerRDF.java	serializeCompactRDFStructProp(XMPNode,int,boolean)	java.util.Iterator
jfreechart	893f9b15	java.util.List__get__1_81	dummy_path	chart/block/FlowArrangement.java	arrangeFN(BlockContainer,Graphics2D,RectangleConstraint)	java.util.List
xmlgraphics-fop	1942336d7	java.util.Iterator__next__0_91	dummy_path	fop/fo/FObj.java	gatherContextInfo()	java.util.Iterator
itextpdf	2d5b6a212	java.util.List__get__1_82	dummy_path	xml/pipeline/ElementHandlerPipelineTest.java	runContent()	java.util.List
jfreechart	893f9b15	java.util.Iterator__next__0_92	dummy_path	chart/plot/CombinedRangeXYPlot.java	setRenderer(XYItemRenderer)	java.util.Iterator
h2database	0ea0365c2	java.sql.ResultSet__next__0_31	dummy_path	test/db/TestOptimizations.java	testNestedIn()	java.sql.ResultSet
swingx	820656c	java.util.List__get__1_83	dummy_path	jdesktop/test/TreeModelReport.java	getLastUpdateEvent()	java.util.List
itextpdf	2d5b6a212	java.util.Map__get__1_73	dummy_path	pdf/pdfcleanup/PdfCleanUpProcessor.java	deleteRedactAnnots(int)	java.util.Map
commons-math	1abe3c769	java.util.Map__get__1_74	dummy_path	analysis/differentiation/SparseGradient.java	SparseGradient(double,Map)	java.util.Map
itextpdf	2d5b6a212	java.util.Map__get__1_75	dummy_path	css/apply/MaxLeadingAndSize.java	calculateLeading(Tag)	java.util.Map
pdfbox	72249f6ff	java.util.Map__get__1_76	dummy_path	fontbox/cff/CFFEncoding.java	getName(int)	java.util.Map
itextpdf	2d5b6a212	java.util.List__get__1_84	dummy_path	itextpdf/testutils/CompareTool.java	compareContentStreamsByParsingExtended(PdfObject,PdfObject,PdfDictionary,PdfDictionary,ObjectPath,CompareResult)	java.util.List
itextpdf	2d5b6a212	java.util.Map__get__1_77	dummy_path	text/pdf/PdfAnnotation.java	getAccessibleAttribute(PdfName)	java.util.Map
jackrabbit	da3fd4199	java.lang.Long__parseLong__1_1	dummy_path	query/lucene/MultiIndex.java	Action()	java.lang.Long
xmlgraphics-fop	1942336d7	java.util.List__get__1_85	dummy_path	complexscripts/fonts/GlyphSubstitutionTable.java	ChainedContextualSubtableFormat1()	java.util.List
santuario-java	3832bd83	java.util.Iterator__next__0_93	dummy_path	security/signature/XMLSignatureInputDebugger.java	getHTMLRepresentation()	java.util.Iterator
xmlgraphics-fop	1942336d7	java.util.Map__get__1_78	dummy_path	fonts/truetype/TTFSubSetFile.java	copyTable(FontFileReader,OFTableName)	java.util.Map
santuario-java	3832bd83	java.util.List__get__1_86	dummy_path	stax/impl/OutputProcessorChainImpl.java	processEvent(XMLSecEvent)	java.util.List
jackrabbit	da3fd4199	java.util.Iterator__next__0_94	dummy_path	jcr2spi/operation/RemoveVersion.java	persisted()	java.util.Iterator
h2database	0ea0365c2	java.util.List__get__1_87	dummy_path	command/dml/Select.java	queryGroup(int,LocalResult)	java.util.List
commons-math	1abe3c769	java.util.List__get__1_88	dummy_path	euclidean/threed/PolyhedronsSet.java	findReferences(List,List)	java.util.List
h2database	0ea0365c2	java.io.PrintWriter__write__1_5	dummy_path	h2/util/IOUtils.java	copyAndCloseInput(Reader,Writer,long)	java.io.PrintWriter
curator	2af84b9f	java.util.List__get__1_89	dummy_path	framework/imps/CuratorMultiTransactionRecord.java	getMetadata(int)	java.util.List
jackrabbit	da3fd4199	java.util.Map__get__1_79	dummy_path	jackrabbit/spi2davex/RepositoryServiceImpl.java	getQValueFactory(SessionInfo)	java.util.Map
jackrabbit	da3fd4199	java.util.Iterator__next__0_95	dummy_path	core/state/NodeState.java	removeShare(NodeId)	java.util.Iterator
commons-math	1abe3c769	java.util.StringTokenizer__nextToken__0_2	dummy_path	geometry/partitioning/RegionParser.java	TreeBuilder()	java.util.StringTokenizer
xmlgraphics-fop	1942336d7	java.io.PrintWriter__write__1_6	dummy_path	rtflib/rtfdoc/RtfStringConverter.java	writeRtfString(Writer,String)	java.io.PrintWriter
jackrabbit	da3fd4199	java.util.Map__get__1_80	dummy_path	jackrabbit/core/UserTransactionImpl.java	UserTransactionImpl(Session,boolean)	java.util.Map
xmlgraphics-fop	1942336d7	java.util.Map__get__1_81	dummy_path	fop/cli/CommandLineOptions.java	parsePDFOutputOption(String[],int,String)	java.util.Map
jackrabbit	da3fd4199	java.util.Iterator__next__0_96	dummy_path	query/lucene/IndexMerger.java	indexAdded(String,int)	java.util.Iterator
itextpdf	2d5b6a212	java.util.Map__get__1_82	dummy_path	xml/html/CssAppliersImpl.java	getCssApplier(Class)	java.util.Map
h2database	0ea0365c2	java.sql.ResultSet__next__0_32	dummy_path	test/db/TestLob.java	testLobSkipPastEnd()	java.sql.ResultSet
h2database	0ea0365c2	java.sql.ResultSet__next__0_33	dummy_path	test/db/TestGeneralCommonTableQueries.java	testNumberedParameterizedQuery()	java.sql.ResultSet
commons-text	7d2b511	java.util.Iterator__next__0_97	dummy_path	commons/text/StrTokenizerTest.java	testConstructor_String()	java.util.Iterator
jfreechart	893f9b15	java.util.Iterator__next__0_98	dummy_path	chart/renderer/WaferMapRenderer.java	getLegendCollection()	java.util.Iterator
swingx	820656c	java.util.Iterator__next__0_99	dummy_path	swingx/action/ActionManagerTest.java	testSelected()	java.util.Iterator
commons-math	1abe3c769	java.util.List__get__1_90	dummy_path	math4/ode/ContinuousOutputFieldModel.java	append(ContinuousOutputFieldModel)	java.util.List
pdfbox	72249f6ff	java.util.List__get__1_91	dummy_path	interactive/form/PDAcroFormTest.java	createAcroFormWithMissingResourceInformation()	java.util.List
jackrabbit	da3fd4199	java.util.Map__get__1_83	dummy_path	commons/conversion/GenerationalCache.java	get(Object)	java.util.Map
itextpdf	2d5b6a212	java.util.Map__get__1_84	dummy_path	pdf/events/IndexEvents.java	getSortedEntries()	java.util.Map
santuario-java	3832bd83	java.util.List__get__1_92	dummy_path	stax/impl/XMLSecurityStreamWriter.java	NSContext()	java.util.List
itextpdf	2d5b6a212	com.itextpdf.text.pdf.PdfArray__getPdfObject__1_8	dummy_path	text/pdf/CMapAwareDocumentFont.java	CMapAwareDocumentFont(PdfDictionary)	com.itextpdf.text.pdf.PdfArray
itextpdf	2d5b6a212	java.util.Map__get__1_85	dummy_path	text/pdf/PdfChunk.java	adjustLeft(float)	java.util.Map
itextpdf	2d5b6a212	java.util.Map__get__1_86	dummy_path	pdf/pdfcleanup/PdfCleanUpContentOperator.java	writeTextChunks(Map,List,PdfContentByte,float,float,float,float)	java.util.Map
wildfly-elytron	a73bbba0f0	java.io.PrintWriter__write__1_7	dummy_path	security/keystore/PasswordKeyStoreSpi.java	engineStore(OutputStream,char[])	java.io.PrintWriter
jackrabbit	da3fd4199	java.util.Map__get__1_87	dummy_path	server/jcr/JCRWebdavServer.java	SessionCache()	java.util.Map
itextpdf	2d5b6a212	java.util.Map__get__1_88	dummy_path	text/pdf/PdfChunk.java	PdfChunk(Chunk,PdfAction)	java.util.Map
itextpdf	2d5b6a212	java.util.List__get__1_93	dummy_path	pdf/parser/BezierCurve.java	getPiecewiseLinearApproximation()	java.util.List
itextpdf	2d5b6a212	java.util.Map__get__1_89	dummy_path	text/pdf/ICC_Profile.java	getInstance(byte[],int)	java.util.Map
xmlgraphics-fop	1942336d7	java.util.List__get__1_94	dummy_path	fop/fonts/CFFToType1Font.java	convertOTFToType1(InputStream)	java.util.List
xmlgraphics-fop	1942336d7	java.util.Map__get__1_90	dummy_path	render/pdf/PDFRendererConfigParserTestCase.java	testFilterListImage()	java.util.Map
pdfbox	72249f6ff	java.util.SortedMap__firstKey__0_0	dummy_path	fontbox/ttf/TTFSubsetter.java	buildOS2Table()	java.util.SortedMap
commons-math	1abe3c769	java.util.List__get__1_95	dummy_path	math4/ode/FieldExpandableODE.java	computeDerivatives(T,T[])	java.util.List
jfreechart	893f9b15	org.jfree.data.statistics.StatisticalCategoryDataset__getMeanValue__2_0	dummy_path	data/statistics/DefaultStatisticalCategoryDataset.java	getValue(Comparable,Comparable)	org.jfree.data.statistics.StatisticalCategoryDataset
itextpdf	2d5b6a212	java.util.Iterator__next__0_100	dummy_path	itextpdf/text/MarkedSection.java	process(ElementListener)	java.util.Iterator
commons-math	1abe3c769	java.util.Map__get__1_91	dummy_path	analysis/differentiation/SparseGradient.java	add(SparseGradient)	java.util.Map
jfreechart	893f9b15	java.util.List__get__1_96	dummy_path	data/xy/XYSeriesCollection.java	removeSeries(int)	java.util.List
jackrabbit	da3fd4199	java.util.Iterator__next__0_101	dummy_path	jcr2spi/hierarchy/HierarchyEventListener.java	pushEvents(Collection)	java.util.Iterator
santuario-java	3832bd83	java.util.Iterator__next__0_102	dummy_path	processor/input/AbstractDecryptInputProcessor.java	AbstractDecryptInputProcessor(KeyInfoType,ReferenceList,XMLSecurityProperties)	java.util.Iterator
h2database	0ea0365c2	java.sql.ResultSet__next__0_34	dummy_path	test/jdbc/TestBatchUpdates.java	testAddBatch01()	java.sql.ResultSet
jackrabbit	da3fd4199	java.util.Iterator__next__0_103	dummy_path	jcr2spi/hierarchy/ChildNodeEntriesImpl.java	NameMap()	java.util.Iterator
h2database	0ea0365c2	java.util.List__get__1_97	dummy_path	h2/tools/Shell.java	promptLoop()	java.util.List
jackrabbit	da3fd4199	java.util.Iterator__next__0_104	dummy_path	jcr2spi/hierarchy/NodeEntryImpl.java	invalidateInternal(boolean)	java.util.Iterator
pdfbox	72249f6ff	java.util.List__get__1_98	dummy_path	interactive/form/AppearanceGeneratorHelper.java	insertGeneratedListboxAppearance(PDAppearanceContentStream,PDAppearanceStream,PDRectangle,PDFont,float)	java.util.List
jackrabbit	da3fd4199	java.util.Map__get__1_92	dummy_path	query/lucene/QueryHitsQuery.java	QueryHitsQueryScorer()	java.util.Map
h2database	0ea0365c2	java.sql.ResultSet__next__0_35	dummy_path	test/store/TestMVTableEngine.java	testRecover()	java.sql.ResultSet
xmlgraphics-fop	1942336d7	java.util.Iterator__next__0_105	dummy_path	flow/table/CollapsingBorderResolver.java	Resolver()	java.util.Iterator
xmlgraphics-fop	1942336d7	java.util.List__get__1_99	dummy_path	fop/pdf/PDFStructElem.java	Placeholder()	java.util.List
jfreechart	893f9b15	java.util.Iterator__next__0_106	dummy_path	chart/plot/SpiderWebPlot.java	getLegendItems()	java.util.Iterator
jackrabbit	da3fd4199	java.util.Iterator__next__0_107	dummy_path	cli/info/AbstractLsNodes.java	execute(Context)	java.util.Iterator
itextpdf	2d5b6a212	java.util.Map__get__1_93	dummy_path	text/pdf/XfdfReader.java	getListValues(String)	java.util.Map
jfreechart	893f9b15	java.util.Map__get__1_94	dummy_path	chart/urls/CustomPieURLGenerator.java	getURL(Comparable,int)	java.util.Map
h2database	0ea0365c2	java.sql.ResultSet__next__0_36	dummy_path	test/db/TestCases.java	testGroupSubquery()	java.sql.ResultSet
h2database	0ea0365c2	java.util.List__get__1_100	dummy_path	test/jaqu/SamplesTest.java	testSelectSimple2()	java.util.List
xmlgraphics-fop	1942336d7	java.util.List__get__1_101	dummy_path	layoutmgr/inline/LineLayoutPossibilities.java	Possibility()	java.util.List
jfreechart	893f9b15	org.jfree.chart.plot.CategoryPlot__getDataset__1_1	dummy_path	renderer/category/LineAndShapeRenderer.java	LineAndShapeRenderer(boolean,boolean)	org.jfree.chart.plot.CategoryPlot
swingx	820656c	javax.swing.JFrame__setVisible__1_3	dummy_path	swingx/appframework/AppSearchFactory.java	showFindDialog(JComponent,Searchable)	javax.swing.JFrame
commons-lang	0820c4c89	java.util.Scanner__next__0_1	dummy_path	lang3/tuple/PairTest.java	testMapEntry()	java.util.Iterator
bigtop	c9cb18fb	java.util.Map__get__1_95	dummy_path	generators/products/ProductBuilderIterator.java	next()	java.util.Map
commons-lang	0820c4c89	java.io.ObjectOutputStream__writeObject__1_2	dummy_path	lang3/tuple/MutablePairTest.java	testSerialization()	java.io.ObjectOutputStream
commons-lang	0820c4c89	java.util.Map__get__1_96	dummy_path	commons/lang3/ArrayUtils.java	removeElements(byte[],byte)	java.util.Map
commons-lang	0820c4c89	java.util.Map__get__1_97	dummy_path	commons/lang3/ArrayUtils.java	removeElements(double[],double)	java.util.Map
commons-lang	0820c4c89	java.io.ObjectOutputStream__writeObject__1_3	dummy_path	commons/lang3/SerializationUtilsTest.java	testDeserializeStreamOfNull()	java.io.ObjectOutputStream
commons-lang	0820c4c89	java.util.Iterator__next__0_109	dummy_path	lang3/text/StrBuilder.java	appendWithSeparators(Iterator,String)	java.util.Iterator
commons-lang	0820c4c89	java.util.Map__get__1_98	dummy_path	lang3/time/FastDateParser.java	TimeZoneStrategy()	java.util.Map
commons-lang	0820c4c89	java.util.Scanner__next__0_0	dummy_path	commons/lang3/Validate.java	noNullElements(T,String,Object)	java.util.Scanner
commons-lang	0820c4c89	java.util.Scanner__next__0_2	dummy_path	commons/lang3/ClassUtils.java	hierarchy(Class,Interfaces)	java.util.Iterator
commons-lang	0820c4c89	java.util.Scanner__next__0_1	dummy_path	lang3/tuple/PairTest.java	testMapEntry()	java.util.Scanner
commons-lang	0820c4c89	java.util.Map__get__1_99	dummy_path	lang3/reflect/ConstructorUtilsTest.java	singletonArray(Class)	java.util.Map
commons-lang	0820c4c89	java.util.List__get__1_102	dummy_path	lang3/event/EventListenerSupportTest.java	testEventDispatchOrder()	java.util.List
commons-lang	0820c4c89	java.io.PrintWriter__write__1_8	dummy_path	text/translate/LookupTranslator.java	translate(CharSequence,int,Writer)	java.io.PrintWriter
commons-lang	0820c4c89	java.util.Map__get__1_100	dummy_path	lang3/concurrent/ConcurrentUtilsTest.java	testCreateIfAbsentKeyNotPresent()	java.util.Map
commons-lang	0820c4c89	java.util.Scanner__next__0_2	dummy_path	commons/lang3/ClassUtils.java	hierarchy(Class,Interfaces)	java.util.Scanner
commons-lang	0820c4c89	java.util.Map__get__1_101	dummy_path	lang3/concurrent/ConcurrentUtilsTest.java	testPutIfAbsentKeyPresent()	java.util.Map
commons-lang	0820c4c89	java.util.Iterator__next__0_111	dummy_path	commons/lang3/LocaleUtilsTest.java	assertLanguageByCountry(String,String[])	java.util.Iterator
commons-lang	0820c4c89	java.lang.Long__parseLong__1_2	dummy_path	lang3/math/NumberUtils.java	toLong(String,long)	java.lang.Long
bigtop	c9cb18fb	java.util.Scanner__next__0_3	dummy_path	products/cartesian/CartesianProductField.java	next()	java.util.Scanner
commons-lang	0820c4c89	java.util.Map__get__1_102	dummy_path	lang3/concurrent/Memoizer.java	compute(I)	java.util.Map
commons-lang	0820c4c89	java.util.Map__get__1_103	dummy_path	lang3/text/ExtendedMessageFormat.java	getFormat(String)	java.util.Map
commons-lang	0820c4c89	java.io.ObjectOutputStream__writeObject__1_4	dummy_path	commons/lang3/SerializationUtilsTest.java	testDeserializeBytes()	java.io.ObjectOutputStream
bigtop	c9cb18fb	java.util.Map__get__1_104	dummy_path	runtime/hadoop/ApiExaminer.java	ClassInfo()	java.util.Map
commons-lang	0820c4c89	java.util.Scanner__next__0_4	dummy_path	commons/lang3/ClassUtilsTest.java	testHierarchyIncludingInterfaces()	java.util.Scanner
commons-lang	0820c4c89	java.util.Map__get__1_105	dummy_path	commons/lang3/SerializationUtilsTest.java	testClone()	java.util.Map
commons-lang	0820c4c89	java.util.List__get__1_103	dummy_path	lang3/exception/ExceptionUtils.java	getRootCause(Throwable)	java.util.List
commons-lang	0820c4c89	java.io.ObjectOutputStream__writeObject__1_5	dummy_path	commons/lang3/SerializationUtilsTest.java	testDeserializeBytesOfNull()	java.io.ObjectOutputStream
commons-lang	0820c4c89	java.util.Map__get__1_106	dummy_path	lang3/reflect/TypeUtils.java	extractTypeArgumentsFrom(Map,TypeVariable[])	java.util.Map
