/Users/first_author/AU500_dataset_repositories/curator/curator-x-discovery/src/test/java/org/apache/curator/x/discovery/TestUriSpec.java - testBasic#,Iterator.next(),Iterable.iterator()
/Users/first_author/AU500_dataset_repositories/curator/curator-x-discovery/src/test/java/org/apache/curator/x/discovery/TestUriSpec.java - testBasic#,Iterator.next()
/Users/first_author/AU500_dataset_repositories/directory-fortress-core/src/test/java/org/apache/directory/fortress/core/util/AdminPermissionUtilTest.java - getPossibleAdminPermissions#,Collection.size()
/Users/first_author/AU500_dataset_repositories/directory-fortress-core/src/test/java/org/apache/directory/fortress/core/util/AdminPermissionUtilTest.java - getPossibleAdminPermissions#,Map.get()
/Users/first_author/AU500_dataset_repositories/h2database/h2/src/tools/org/h2/java/Expr.java - asString#,Iterator.next(),Iterable.iterator()
/Users/first_author/AU500_dataset_repositories/h2database/h2/src/test/org/h2/test/store/TestTransactionStore.java - testGetModifiedMaps#,Iterator.hasNext()
/Users/first_author/AU500_dataset_repositories/h2database/h2/src/test/org/h2/test/trace/Parser.java - parseValue#,Long.parseLong()
/Users/first_author/AU500_dataset_repositories/h2database/h2/src/test/org/h2/test/store/TestTransactionStore.java - testGetModifiedMaps#,Iterator.next(),Iterator.hasNext()
/Users/first_author/AU500_dataset_repositories/h2database/h2/src/main/org/h2/server/web/WebThread.java - parseHeader#,StringTokenizer.nextToken(),StringTokenizer.hasMoreTokens()
/Users/first_author/AU500_dataset_repositories/h2database/h2/src/test/org/h2/test/db/TestMultiDimension.java - testPerformance3d#,Connection.prepareStatement(),PreparedStatement.setString()
/Users/first_author/AU500_dataset_repositories/h2database/h2/src/test/org/h2/test/unit/TestValueHashMap.java - testRandomized#,Map.put(),Map.keySet()
/Users/first_author/AU500_dataset_repositories/h2database/h2/src/test/org/h2/test/store/TestMVStore.java - testFileFormatChange#,Map.put(),Map.get()
/Users/first_author/AU500_dataset_repositories/h2database/h2/src/test/org/h2/test/jdbc/TestGetGeneratedKeys.java - testMergeUsing#Connection#,Statement.executeQuery(),Connection.createStatement()
/Users/first_author/AU500_dataset_repositories/h2database/h2/src/test/org/h2/test/db/TestPowerOff.java - recoverAndCheckConsistency#,ResultSet.next(),Statement.executeQuery(),ResultSet.getString(),ResultSet.getString()
/Users/first_author/AU500_dataset_repositories/h2database/h2/src/test/org/h2/test/store/TestMVRTree.java - testRandom#boolean#,Map.put(),Map.get()
/Users/first_author/AU500_dataset_repositories/h2database/h2/src/test/org/h2/test/db/TestGeneralCommonTableQueries.java - testNumberedParameterizedQuery#,Connection.prepareStatement(),PreparedStatement.executeQuery()
/Users/first_author/AU500_dataset_repositories/h2database/h2/src/main/org/h2/util/SynchronizedVerifier.java - detectConcurrentAccess#Object#,Map.put()
/Users/first_author/AU500_dataset_repositories/h2database/h2/src/test/org/h2/test/db/TestBigDb.java - testLargeTable#,Statement.executeQuery(),Connection.createStatement(),AutoCloseable.close()
/Users/first_author/AU500_dataset_repositories/h2database/h2/src/test/org/h2/samples/SQLInjection.java - listItemsSortedSecureParam#,PrintStream.println(),PrintStream.println(),ResultSet.getString(),ResultSet.next()
/Users/first_author/AU500_dataset_repositories/h2database/h2/src/main/org/h2/expression/JavaAggregate.java - updateAggregate#Session#,Map.put()
/Users/first_author/AU500_dataset_repositories/h2database/h2/src/test/org/h2/test/db/TestDateStorage.java - testDateTimeTimestampWithCalendar#,ResultSet.next(),Statement.executeQuery(),ResultSet.getString(),ResultSet.getString()
/Users/first_author/AU500_dataset_repositories/h2database/h2/src/test/org/h2/test/db/TestAlter.java - testAlterTableAddColumnAfter#,ResultSet.next(),ResultSet.getString(),ResultSet.getString()
/Users/first_author/AU500_dataset_repositories/h2database/h2/src/test/org/h2/test/db/TestLob.java - testClob#,Connection.createStatement()
/Users/first_author/AU500_dataset_repositories/h2database/h2/src/test/org/h2/test/db/TestFunctionOverload.java - testControl#,Statement.executeQuery()
/Users/first_author/AU500_dataset_repositories/h2database/h2/src/test/org/h2/test/trace/Parser.java - parseValue#,Short.parseShort()
/Users/first_author/AU500_dataset_repositories/h2database/h2/src/main/org/h2/expression/ExpressionColumn.java - updateAggregate#Session#,Map.put(),Map.get()
/Users/first_author/AU500_dataset_repositories/h2database/h2/src/test/org/h2/test/db/TestFunctionOverload.java - testControl#,Statement.execute()
/Users/first_author/AU500_dataset_repositories/h2database/h2/src/test/org/h2/test/db/TestBigDb.java - testLargeTable#,ResultSet.next(),ResultSet.getString()
/Users/first_author/AU500_dataset_repositories/h2database/h2/src/test/org/h2/test/db/TestFunctions.java - testPrecision#,Connection.prepareStatement(),PreparedStatement.executeQuery()
/Users/first_author/AU500_dataset_repositories/h2database/h2/src/test/org/h2/test/unit/TestFileSystem.java - testReadOnly#String#,ByteBuffer.allocate()
/Users/first_author/AU500_dataset_repositories/h2database/h2/src/test/org/h2/test/db/TestOptimizations.java - testIndexUseDespiteNullsFirst#,ResultSet.getString(),Statement.executeQuery(),ResultSet.next()
/Users/first_author/AU500_dataset_repositories/h2database/h2/src/test/org/h2/test/unit/TestValueHashMap.java - testRandomized#,Collection.size()
/Users/first_author/AU500_dataset_repositories/h2database/h2/src/test/org/h2/test/db/TestLob.java - testConvert#,ResultSet.next(),Statement.executeQuery(),ResultSet.getString()
/Users/first_author/AU500_dataset_repositories/h2database/h2/src/test/org/h2/test/unit/TestPgServer.java - testKeyAlias#,ResultSet.next(),Statement.executeQuery(),ResultSet.getString()
/Users/first_author/AU500_dataset_repositories/h2database/h2/src/test/org/h2/test/store/TestMVStore.java - testBtreeStore#,Map.put(),Map.get()
/Users/first_author/AU500_dataset_repositories/h2database/h2/src/main/org/h2/server/web/WebThread.java - parseHeader#,Integer.parseInt()
/Users/first_author/AU500_dataset_repositories/h2database/h2/src/test/org/h2/test/trace/Parser.java - parseValue#,Integer.parseInt()
/Users/first_author/AU500_dataset_repositories/h2database/h2/src/test/org/h2/test/store/TestMVStore.java - testFileFormatChange#,Integer.parseInt()
/Users/first_author/AU500_dataset_repositories/h2database/h2/src/main/org/h2/expression/Function.java - getDatePart#String#,Number.intValue()
/Users/first_author/AU500_dataset_repositories/h2database/h2/src/main/org/h2/expression/JavaAggregate.java - updateAggregate#Session#,Map.get()
/Users/first_author/AU500_dataset_repositories/h2database/h2/src/test/org/h2/test/db/TestLinkedTable.java - testGeometry#,Connection.createStatement(),AutoCloseable.close()
/Users/first_author/AU500_dataset_repositories/h2database/h2/src/test/org/h2/test/store/TestMVTableEngine.java - testLowRetentionTime#,Connection.createStatement(),AutoCloseable.close()
/Users/first_author/AU500_dataset_repositories/h2database/h2/src/test/org/h2/test/db/TestMultiDimension.java - testPerformance3d#,Connection.createStatement(),AutoCloseable.close()
/Users/first_author/AU500_dataset_repositories/h2database/h2/src/test/org/h2/test/store/TestMVTableEngine.java - testRecover#,Connection.createStatement(),AutoCloseable.close()
/Users/first_author/AU500_dataset_repositories/h2database/h2/src/test/org/h2/test/db/TestGeneralCommonTableQueries.java - testNumberedParameterizedQuery#,Connection.prepareStatement(),ResultSet.next(),PreparedStatement.executeQuery()
/Users/first_author/AU500_dataset_repositories/h2database/h2/src/test/org/h2/test/db/TestMultiDimension.java - testPerformance3d#,Connection.prepareStatement(),ResultSet.next(),PreparedStatement.executeQuery()
/Users/first_author/AU500_dataset_repositories/h2database/h2/src/test/org/h2/test/db/TestCases.java - testPreparedSubquery#,Connection.prepareStatement(),ResultSet.next(),PreparedStatement.executeQuery()
/Users/first_author/AU500_dataset_repositories/h2database/h2/src/main/org/h2/command/dml/Select.java - init#,Collection.size()
/Users/first_author/AU500_dataset_repositories/h2database/h2/src/test/org/h2/test/store/TestMVRTree.java - testRandom#boolean#,Map.size()
/Users/first_author/AU500_dataset_repositories/h2database/h2/src/test/org/h2/test/jaqu/SamplesTest.java - testSelectSimple2#,Collection.size()
/Users/first_author/AU500_dataset_repositories/h2database/h2/src/main/org/h2/command/ddl/DropIndex.java - update#,Collection.size()
/Users/first_author/AU500_dataset_repositories/h2database/h2/src/test/org/h2/test/db/TestLob.java - testClob#,ResultSet.next(),Statement.executeQuery(),ResultSet.getString()
/Users/first_author/AU500_dataset_repositories/h2database/h2/src/test/org/h2/test/jdbc/TestLobApi.java - testBlob#int#,PreparedStatement.setInt()
/Users/first_author/AU500_dataset_repositories/h2database/h2/src/test/org/h2/test/db/TestBigDb.java - testLargeTable#,PreparedStatement.setInt(),Connection.prepareStatement()
/Users/first_author/AU500_dataset_repositories/h2database/h2/src/test/org/h2/test/jdbc/TestGetGeneratedKeys.java - testMergeUsing#Connection#,PreparedStatement.setInt(),Connection.prepareStatement()
/Users/first_author/AU500_dataset_repositories/h2database/h2/src/test/org/h2/test/store/TestMVRTree.java - testRandom#boolean#,Iterator.next(),Iterator.hasNext()
/Users/first_author/AU500_dataset_repositories/h2database/h2/src/main/org/h2/server/web/WebApp.java - adminStartTranslate#,Map.get()
/Users/first_author/AU500_dataset_repositories/h2database/h2/src/main/org/h2/util/SynchronizedVerifier.java - detectConcurrentAccess#Object#,Map.get()
/Users/first_author/AU500_dataset_repositories/h2database/h2/src/main/org/h2/server/web/PageParser.java - get#String#,Map.get()
/Users/first_author/AU500_dataset_repositories/h2database/h2/src/main/org/h2/expression/Function.java - getDatePart#String#,Map.get()
/Users/first_author/AU500_dataset_repositories/h2database/h2/src/test/org/h2/test/store/TestMVStore.java - testBtreeStore#,Map.get()
/Users/first_author/AU500_dataset_repositories/h2database/h2/src/test/org/h2/test/db/TestLinkedTable.java - testGeometry#,ResultSet.next(),Statement.executeQuery(),ResultSet.getString()
/Users/first_author/AU500_dataset_repositories/h2database/h2/src/test/org/h2/test/db/TestOptimizations.java - testIndexUseDespiteNullsFirst#,ResultSet.next(),Statement.executeQuery(),ResultSet.getString()
/Users/first_author/AU500_dataset_repositories/h2database/h2/src/test/org/h2/test/store/TestMVTableEngine.java - testRecover#,ResultSet.next(),Statement.executeQuery(),ResultSet.getString()
/Users/first_author/AU500_dataset_repositories/h2database/h2/src/test/org/h2/test/store/TestMVRTree.java - testRandom#boolean#,Map.get()
/Users/first_author/AU500_dataset_repositories/h2database/h2/src/test/org/h2/test/db/TestDateStorage.java - testDateTimeTimestampWithCalendar#,ResultSet.next(),ResultSet.getString()
/Users/first_author/AU500_dataset_repositories/h2database/h2/src/test/org/h2/test/db/TestFunctions.java - testFunctionTableVarArgs#,ResultSet.next(),Statement.executeQuery()
/Users/first_author/AU500_dataset_repositories/h2database/h2/src/test/org/h2/test/db/TestCases.java - testGroupSubquery#,ResultSet.next(),Statement.executeQuery()
/Users/first_author/AU500_dataset_repositories/h2database/h2/src/test/org/h2/test/db/TestFunctions.java - testIfNull#,ResultSet.next(),Statement.executeQuery()
/Users/first_author/AU500_dataset_repositories/h2database/h2/src/test/org/h2/test/db/TestOptimizations.java - testIndexUseDespiteNullsFirst#,ResultSet.next(),Statement.executeQuery()
/Users/first_author/AU500_dataset_repositories/h2database/h2/src/test/org/h2/test/db/TestLob.java - testLobSkip#,ResultSet.next(),Statement.executeQuery()
/Users/first_author/AU500_dataset_repositories/h2database/h2/src/test/org/h2/test/db/TestLob.java - testLobSkipPastEnd#,ResultSet.next(),Statement.executeQuery()
/Users/first_author/AU500_dataset_repositories/h2database/h2/src/test/org/h2/test/store/TestMVTableEngine.java - testLowRetentionTime#,ResultSet.next(),Statement.executeQuery()
/Users/first_author/AU500_dataset_repositories/h2database/h2/src/test/org/h2/test/db/TestOptimizations.java - testNestedIn#,ResultSet.next(),Statement.executeQuery()
/Users/first_author/AU500_dataset_repositories/h2database/h2/src/test/org/h2/test/db/TestFunctions.java - testPrecision#,ResultSet.next(),Statement.executeQuery()
/Users/first_author/AU500_dataset_repositories/h2database/h2/src/test/org/h2/test/db/TestCases.java - testPreparedSubquery#,ResultSet.next(),Statement.executeQuery()
/Users/first_author/AU500_dataset_repositories/h2database/h2/src/test/org/h2/test/db/TestDateStorage.java - testDateTimeTimestampWithCalendar#,ResultSet.getString()
/Users/first_author/AU500_dataset_repositories/h2database/h2/src/test/org/h2/test/db/TestLob.java - testConvert#,Statement.execute(),Connection.createStatement()
/Users/first_author/AU500_dataset_repositories/h2database/h2/src/test/org/h2/test/db/TestDateStorage.java - testDateTimeTimestampWithCalendar#,Statement.execute(),Connection.createStatement()
/Users/first_author/AU500_dataset_repositories/h2database/h2/src/test/org/h2/test/db/TestFunctions.java - testFunctionTableVarArgs#,Statement.execute(),Connection.createStatement()
/Users/first_author/AU500_dataset_repositories/h2database/h2/src/test/org/h2/test/db/TestLinkedTable.java - testGeometry#,Statement.execute(),Connection.createStatement()
/Users/first_author/AU500_dataset_repositories/h2database/h2/src/test/org/h2/test/db/TestCases.java - testGroupSubquery#,Statement.execute(),Connection.createStatement()
/Users/first_author/AU500_dataset_repositories/h2database/h2/src/test/org/h2/test/db/TestFunctions.java - testIfNull#,Statement.execute(),Connection.createStatement()
/Users/first_author/AU500_dataset_repositories/h2database/h2/src/test/org/h2/test/db/TestOptimizations.java - testIndexUseDespiteNullsFirst#,Statement.execute(),Connection.createStatement()
/Users/first_author/AU500_dataset_repositories/h2database/h2/src/test/org/h2/test/unit/TestPgServer.java - testKeyAlias#,Statement.execute(),Connection.createStatement()
/Users/first_author/AU500_dataset_repositories/h2database/h2/src/test/org/h2/test/db/TestLob.java - testLobSkip#,Statement.execute(),Connection.createStatement()
/Users/first_author/AU500_dataset_repositories/h2database/h2/src/test/org/h2/test/db/TestLob.java - testLobSkipPastEnd#,Statement.execute(),Connection.createStatement()
/Users/first_author/AU500_dataset_repositories/h2database/h2/src/test/org/h2/test/db/TestOptimizations.java - testNestedIn#,Statement.execute(),Connection.createStatement()
/Users/first_author/AU500_dataset_repositories/h2database/h2/src/test/org/h2/test/db/TestFunctions.java - testPrecision#,Statement.execute(),Connection.createStatement()
/Users/first_author/AU500_dataset_repositories/h2database/h2/src/test/org/h2/test/db/TestCases.java - testPreparedSubquery#,Statement.execute(),Connection.createStatement()
/Users/first_author/AU500_dataset_repositories/h2database/h2/src/test/org/h2/test/store/TestMVTableEngine.java - testRecover#,Statement.execute(),Connection.createStatement()
/Users/first_author/AU500_dataset_repositories/h2database/h2/src/test/org/h2/test/db/TestPowerOff.java - recoverAndCheckConsistency#,ResultSet.next()
/Users/first_author/AU500_dataset_repositories/h2database/h2/src/test/org/h2/test/jdbc/TestBatchUpdates.java - testAddBatch01#,ResultSet.next()
/Users/first_author/AU500_dataset_repositories/h2database/h2/src/test/org/h2/test/jdbc/TestLobApi.java - testBlob#int#,ResultSet.next()
/Users/first_author/AU500_dataset_repositories/h2database/h2/src/test/org/h2/test/jdbc/TestMetaData.java - testClientInfo#,ResultSet.next()
/Users/first_author/AU500_dataset_repositories/h2database/h2/src/test/org/h2/test/db/TestFunctionOverload.java - testControl#,ResultSet.next()
/Users/first_author/AU500_dataset_repositories/h2database/h2/src/test/org/h2/test/jdbc/TestResultSet.java - testDecimal#,ResultSet.next()
/Users/first_author/AU500_dataset_repositories/h2database/h2/src/test/org/h2/test/jdbc/TestGetGeneratedKeys.java - testMergeUsing#Connection#,ResultSet.next()
/Users/first_author/AU500_dataset_repositories/h2database/h2/src/test/org/h2/test/db/TestGeneralCommonTableQueries.java - testNumberedParameterizedQuery#,ResultSet.next()
/Users/first_author/AU500_dataset_repositories/h2database/h2/src/test/org/h2/test/db/TestMultiDimension.java - testPerformance3d#,ResultSet.next()
/Users/first_author/AU500_dataset_repositories/h2database/h2/src/test/org/h2/test/db/TestFunctions.java - testPrecision#,ResultSet.next()
/Users/first_author/AU500_dataset_repositories/h2database/h2/src/test/org/h2/test/db/TestFunctions.java - testFunctionTableVarArgs#,ResultSet.next()
/Users/first_author/AU500_dataset_repositories/h2database/h2/src/test/org/h2/test/db/TestFunctions.java - testIfNull#,ResultSet.next()
/Users/first_author/AU500_dataset_repositories/h2database/h2/src/test/org/h2/test/db/TestOptimizations.java - testIndexUseDespiteNullsFirst#,ResultSet.next()
/Users/first_author/AU500_dataset_repositories/h2database/h2/src/test/org/h2/test/store/TestMVTableEngine.java - testLowRetentionTime#,ResultSet.next()
/Users/first_author/AU500_dataset_repositories/itextpdf/itext/src/main/java/com/itextpdf/text/MarkedSection.java - process#ElementListener#,Iterator.next(),Iterator.hasNext(),Iterable.iterator()
/Users/first_author/AU500_dataset_repositories/itextpdf/itext/src/main/java/com/itextpdf/text/pdf/PdfPageLabels.java - getPageLabelFormats#PdfReader#,Collection.toArray()
/Users/first_author/AU500_dataset_repositories/itextpdf/xtra/src/main/java/com/itextpdf/text/pdf/pdfcleanup/PdfCleanUpProcessor.java - deleteRedactAnnots#int#,Collection.isEmpty()
/Users/first_author/AU500_dataset_repositories/itextpdf/itext/src/main/java/com/itextpdf/text/pdf/parser/clipper/Paths.java - getBounds#,Collection.isEmpty()
/Users/first_author/AU500_dataset_repositories/itextpdf/itext/src/main/java/com/itextpdf/text/pdf/PdfReader.java - eliminateSharedStreams#,Collection.size(),Collection.add()
/Users/first_author/AU500_dataset_repositories/itextpdf/itext/src/main/java/com/itextpdf/text/pdf/TrueTypeFont.java - getNames#int#,Collection.size(),Collection.add()
/Users/first_author/AU500_dataset_repositories/itextpdf/itext/src/main/java/com/itextpdf/text/pdf/PdfPageLabels.java - getPageLabelFormats#PdfReader#,Map.size()
/Users/first_author/AU500_dataset_repositories/itextpdf/itext/src/main/java/com/itextpdf/text/pdf/CFFFontSubset.java - BuildNewFile#int#,Iterator.next(),Iterator.hasNext()
/Users/first_author/AU500_dataset_repositories/itextpdf/itext/src/main/java/com/itextpdf/text/pdf/PdfReader.java - eliminateSharedStreams#,Collection.add()
/Users/first_author/AU500_dataset_repositories/itextpdf/itext/src/main/java/com/itextpdf/text/pdf/parser/BezierCurve.java - getPiecewiseLinearApproximation#,Collection.add()
/Users/first_author/AU500_dataset_repositories/itextpdf/xmlworker/src/main/java/com/itextpdf/tool/xml/css/apply/MaxLeadingAndSize.java - calculateLeading#Tag#,Map.get()
/Users/first_author/AU500_dataset_repositories/itextpdf/itext/src/main/java/com/itextpdf/text/pdf/ColumnText.java - findLimitsPoint#ArrayList#,Collection.size()
/Users/first_author/AU500_dataset_repositories/itextpdf/itext/src/main/java/com/itextpdf/text/pdf/parser/clipper/Paths.java - getBounds#,Collection.size()
/Users/first_author/AU500_dataset_repositories/itextpdf/itext/src/main/java/com/itextpdf/text/pdf/PdfPageLabels.java - getPageLabelFormats#PdfReader#,Map.get()
/Users/first_author/AU500_dataset_repositories/itextpdf/itext/src/main/java/com/itextpdf/text/html/simpleparser/ChainedProperties.java - getProperty#String#,Map.get()
/Users/first_author/AU500_dataset_repositories/itextpdf/itext/src/main/java/com/itextpdf/text/pdf/languages/BanglaGlyphRepositioner.java - repositionGlyphs#List#,Collection.size()
/Users/first_author/AU500_dataset_repositories/itextpdf/itext/src/main/java/com/itextpdf/text/pdf/PdfContentByte.java - saveMCBlocks#,Collection.size()
/Users/first_author/AU500_dataset_repositories/jackrabbit/jackrabbit-core/src/test/java/org/apache/jackrabbit/core/integration/ItemSequenceTest.java - testSingletonPropertySequence#,Iterator.next(),Iterator.hasNext()
/Users/first_author/AU500_dataset_repositories/jackrabbit/jackrabbit-core/src/main/java/org/apache/jackrabbit/core/state/NodeState.java - removeShare#NodeId#,Iterator.next()
/Users/first_author/AU500_dataset_repositories/jackrabbit/jackrabbit-core/src/main/java/org/apache/jackrabbit/core/security/authorization/PrivilegeRegistry.java - createCustomDefinitions#Map#,Iterator.next(),Iterable.iterator()
/Users/first_author/AU500_dataset_repositories/jackrabbit/jackrabbit-core/src/test/java/org/apache/jackrabbit/core/persistence/AutoFixCorruptNode.java - testAutoFixWithConsistencyCheck#,Iterator.next(),Iterable.iterator()
/Users/first_author/AU500_dataset_repositories/jackrabbit/jackrabbit-core/src/test/java/org/apache/jackrabbit/core/data/ConsistencyCheckerImplTest.java - testDoubleCheckMissingNode#,Iterator.next(),Iterable.iterator()
/Users/first_author/AU500_dataset_repositories/jackrabbit/jackrabbit-core/src/main/java/org/apache/jackrabbit/core/security/authorization/PrivilegeRegistry.java - createCustomDefinitions#Map#,Collection.size(),Iterable.iterator()
/Users/first_author/AU500_dataset_repositories/jackrabbit/jackrabbit-jcr-commons/src/main/java/org/apache/jackrabbit/commons/JcrUtils.java - getRepository#Map#,Map.entrySet()
/Users/first_author/AU500_dataset_repositories/jackrabbit/jackrabbit-standalone/src/main/java/org/apache/jackrabbit/standalone/cli/core/RemoveItems.java - execute#Context#,Iterator.next(),Iterator.hasNext(),Iterable.iterator()
/Users/first_author/AU500_dataset_repositories/jackrabbit/jackrabbit-core/src/main/java/org/apache/jackrabbit/core/security/authorization/PrivilegeRegistry.java - createCustomDefinitions#Map#,Map.put()
/Users/first_author/AU500_dataset_repositories/jackrabbit/jackrabbit-core/src/test/java/org/apache/jackrabbit/api/security/user/UserManagerSearchTest.java - toSet#Iterator#,Collection.add(),Iterator.next(),Iterator.hasNext()
/Users/first_author/AU500_dataset_repositories/jackrabbit/jackrabbit-core/src/test/java/org/apache/jackrabbit/core/data/ConsistencyCheckerImplTest.java - testDoubleCheckMissingNode#,Collection.isEmpty()
/Users/first_author/AU500_dataset_repositories/jackrabbit/jackrabbit-core/src/main/java/org/apache/jackrabbit/core/security/authorization/PrivilegeRegistry.java - createCustomDefinitions#Map#,Collection.size()
/Users/first_author/AU500_dataset_repositories/jackrabbit/jackrabbit-core/src/main/java/org/apache/jackrabbit/core/security/authorization/PrivilegeRegistry.java - createCustomDefinitions#Map#,Map.size()
/Users/first_author/AU500_dataset_repositories/jackrabbit/jackrabbit-core/src/test/java/org/apache/jackrabbit/core/persistence/AutoFixCorruptNode.java - testAutoFixWithConsistencyCheck#,Collection.size()
/Users/first_author/AU500_dataset_repositories/jackrabbit/jackrabbit-core/src/test/java/org/apache/jackrabbit/core/security/user/NodeCreationTest.java - testAutoExpand#,Map.keySet(),Map.get()
/Users/first_author/AU500_dataset_repositories/jackrabbit/jackrabbit-core/src/test/java/org/apache/jackrabbit/core/security/user/NodeCreationTest.java - testIllegalChars#,Map.keySet(),Map.get()
/Users/first_author/AU500_dataset_repositories/jackrabbit/jackrabbit-core/src/main/java/org/apache/jackrabbit/core/persistence/util/NodeInfo.java - getNodeId#NodeId#,Map.get()
/Users/first_author/AU500_dataset_repositories/jackrabbit/jackrabbit-jcr-commons/src/main/java/org/apache/jackrabbit/commons/JcrUtils.java - getRepository#Map#,Map.get()
/Users/first_author/AU500_dataset_repositories/jackrabbit/jackrabbit-data/src/test/java/org/apache/jackrabbit/core/data/TestCaseBase.java - doDeleteAllOlderThan#,Collection.size(),Collection.add()
/Users/first_author/AU500_dataset_repositories/jackrabbit/jackrabbit-core/src/main/java/org/apache/jackrabbit/core/persistence/db/DatabasePersistenceManager.java - exists#PropertyId#,ResultSet.next()
/Users/first_author/AU500_dataset_repositories/jackrabbit/jackrabbit-core/src/main/java/org/apache/jackrabbit/core/fs/db/DatabaseFileSystem.java - hasChildren#String#,ResultSet.next()
/Users/first_author/AU500_dataset_repositories/jackrabbit/jackrabbit-core/src/main/java/org/apache/jackrabbit/core/fs/db/DatabaseFileSystem.java - isFile#String#,ResultSet.next()
/Users/first_author/AU500_dataset_repositories/jackrabbit/jackrabbit-standalone/src/main/java/org/apache/jackrabbit/standalone/cli/CommandLineFactory.java - getCommandLines#,Iterator.next(),Iterator.hasNext(),Iterable.iterator()
/Users/first_author/AU500_dataset_repositories/jackrabbit/jackrabbit-webapp/src/main/java/org/apache/jackrabbit/j2ee/JNDIConfig.java - init#Properties#,Iterator.next(),Iterator.hasNext(),Iterable.iterator()
/Users/first_author/AU500_dataset_repositories/jackrabbit/jackrabbit-jcr2spi/src/main/java/org/apache/jackrabbit/jcr2spi/hierarchy/HierarchyEventListener.java - pushEvents#Collection#,Iterator.next(),Iterator.hasNext(),Iterable.iterator()
/Users/first_author/AU500_dataset_repositories/jackrabbit/jackrabbit-core/src/test/java/org/apache/jackrabbit/core/integration/WorkspaceInitTest.java - testIdleTime#,Iterator.next(),Iterator.hasNext(),Iterable.iterator()
/Users/first_author/AU500_dataset_repositories/jackrabbit/jackrabbit-standalone/src/main/java/org/apache/jackrabbit/standalone/cli/JcrParser.java - depopulateContext#Context#,Iterator.next(),Iterator.hasNext()
/Users/first_author/AU500_dataset_repositories/jackrabbit/jackrabbit-data/src/test/java/org/apache/jackrabbit/core/data/TestCaseBase.java - doDeleteAllOlderThan#,Iterator.next(),Iterator.hasNext()
/Users/first_author/AU500_dataset_repositories/jackrabbit/jackrabbit-standalone/src/main/java/org/apache/jackrabbit/standalone/cli/info/AbstractLsProperties.java - execute#Context#,Iterator.next(),Iterator.hasNext()
/Users/first_author/AU500_dataset_repositories/jackrabbit/jackrabbit-standalone/src/main/java/org/apache/jackrabbit/standalone/cli/info/AbstractLsNodes.java - execute#Context#,Iterator.next(),Iterator.hasNext()
/Users/first_author/AU500_dataset_repositories/jackrabbit/jackrabbit-jcr-commons/src/main/java/org/apache/jackrabbit/commons/JcrUtils.java - getRepository#Map#,Iterator.next(),Iterator.hasNext()
/Users/first_author/AU500_dataset_repositories/jackrabbit/jackrabbit-jcr2spi/src/main/java/org/apache/jackrabbit/jcr2spi/hierarchy/NodeEntryImpl.java - invalidateInternal#boolean#,Iterator.next(),Iterator.hasNext()
/Users/first_author/AU500_dataset_repositories/jackrabbit/jackrabbit-jcr2spi/src/main/java/org/apache/jackrabbit/jcr2spi/operation/RemoveVersion.java - persisted#,Iterator.next(),Iterator.hasNext()
/Users/first_author/AU500_dataset_repositories/jackrabbit/jackrabbit-core/src/main/java/org/apache/jackrabbit/core/nodetype/EffectiveNodeTypeCacheImpl.java - remove#Key#,Iterator.next(),Iterator.hasNext()
/Users/first_author/AU500_dataset_repositories/jackrabbit/jackrabbit-core/src/test/java/org/apache/jackrabbit/api/security/user/AuthorizableTest.java - testDeclaredMemberOf#,Iterator.next(),Iterator.hasNext()
/Users/first_author/AU500_dataset_repositories/jackrabbit/jackrabbit-core/src/test/java/org/apache/jackrabbit/core/security/user/NodeResolverTest.java - testFindNodeByPrincipalName#,Iterator.next(),Iterator.hasNext()
/Users/first_author/AU500_dataset_repositories/jackrabbit/jackrabbit-core/src/test/java/org/apache/jackrabbit/api/security/user/GroupTest.java - testGetDeclaredMembersAgainstDeclaredMemberOf#,Iterator.next(),Iterator.hasNext()
/Users/first_author/AU500_dataset_repositories/jackrabbit/jackrabbit-core/src/test/java/org/apache/jackrabbit/api/security/user/AuthorizableTest.java - testGetPropertyNamesByRelPath#,Iterator.next(),Iterator.hasNext()
/Users/first_author/AU500_dataset_repositories/jackrabbit/jackrabbit-core/src/test/java/org/apache/jackrabbit/api/security/user/UserManagerTest.java - testQueryUserWithSpecialCharId#,Iterator.next(),Iterator.hasNext()
/Users/first_author/AU500_dataset_repositories/jackrabbit/jackrabbit-jcr2spi/src/main/java/org/apache/jackrabbit/jcr2spi/hierarchy/ChildNodeEntriesImpl.java - update#Iterator#,Iterator.next(),Iterator.hasNext()
/Users/first_author/AU500_dataset_repositories/jackrabbit/jackrabbit-core/src/main/java/org/apache/jackrabbit/core/security/authorization/PrivilegeRegistry.java - createCustomDefinitions#Map#,Iterator.next(),Iterator.hasNext()
/Users/first_author/AU500_dataset_repositories/jfreechart/src/main/java/org/jfree/chart/plot/SpiderWebPlot.java - getLegendItems#,Iterator.next(),Iterator.hasNext(),Iterable.iterator()
/Users/first_author/AU500_dataset_repositories/jfreechart/src/main/java/org/jfree/data/json/impl/JSONArray.java - toJSONString#List#,Iterator.next(),Iterator.hasNext(),Iterable.iterator()
/Users/first_author/AU500_dataset_repositories/jfreechart/src/main/java/org/jfree/chart/renderer/WaferMapRenderer.java - getMaxPaintValue#Integer#,Number.doubleValue()
/Users/first_author/AU500_dataset_repositories/jfreechart/src/main/java/org/jfree/chart/PaintMap.java - equals#Object#,Iterator.next(),Iterator.hasNext(),Iterable.iterator()
/Users/first_author/AU500_dataset_repositories/jfreechart/src/main/java/org/jfree/chart/renderer/WaferMapRenderer.java - getLegendCollection#,Iterator.next(),Iterator.hasNext(),Iterable.iterator()
/Users/first_author/AU500_dataset_repositories/jfreechart/src/main/java/org/jfree/chart/renderer/WaferMapRenderer.java - getMaxPaintValue#Integer#,Iterator.next(),Iterator.hasNext(),Iterable.iterator()
/Users/first_author/AU500_dataset_repositories/jfreechart/src/main/java/org/jfree/chart/text/TextLine.java - calculateDimensions#Graphics2D#,Iterator.next(),Iterator.hasNext()
/Users/first_author/AU500_dataset_repositories/jfreechart/src/main/java/org/jfree/chart/plot/CombinedRangeXYPlot.java - setRenderer#XYItemRenderer#,Iterator.next(),Iterator.hasNext()
/Users/first_author/AU500_dataset_repositories/jfreechart/src/main/java/org/jfree/chart/plot/CombinedRangeXYPlot.java - setShadowGenerator#ShadowGenerator#,Iterator.next(),Iterator.hasNext()
/Users/first_author/AU500_dataset_repositories/jfreechart/src/main/java/org/jfree/chart/plot/CombinedDomainCategoryPlot.java - setShadowGenerator#ShadowGenerator#,Iterator.next(),Iterator.hasNext()
/Users/first_author/AU500_dataset_repositories/commons-math/src/main/java/org/apache/commons/math4/ml/clustering/DBSCANClusterer.java - cluster#Collection#,Collection.add()
/Users/first_author/AU500_dataset_repositories/commons-math/src/main/java/org/apache/commons/math4/geometry/euclidean/twod/NestedLoops.java - add#NestedLoops#,Collection.add()
/Users/first_author/AU500_dataset_repositories/commons-math/src/main/java/org/apache/commons/math4/distribution/EnumeratedDistribution.java - EnumeratedDistribution#List#,Collection.size()
/Users/first_author/AU500_dataset_repositories/commons-math/src/main/java/org/apache/commons/math4/ml/clustering/DBSCANClusterer.java - cluster#Collection#,Collection.size()
/Users/first_author/AU500_dataset_repositories/commons-math/src/main/java/org/apache/commons/math4/genetics/ElitisticListPopulation.java - nextGeneration#,Collection.size()
/Users/first_author/AU500_dataset_repositories/commons-math/src/main/java/org/apache/commons/math4/stat/Frequency.java - getCumFreq#T#,Iterator.next(),Iterator.hasNext()
/Users/first_author/AU500_dataset_repositories/commons-math/src/main/java/org/apache/commons/math4/stat/Frequency.java - merge#Frequency#,Iterator.next(),Iterator.hasNext()
/Users/first_author/AU500_dataset_repositories/commons-math/src/main/java/org/apache/commons/math4/geometry/euclidean/twod/NestedLoops.java - add#NestedLoops#,Iterator.next(),Iterator.hasNext()
/Users/first_author/AU500_dataset_repositories/commons-math/src/test/java/org/apache/commons/math4/analysis/differentiation/DSCompilerTest.java - testCompositionRules#,Map.put(),Map.get()
/Users/first_author/AU500_dataset_repositories/commons-math/src/main/java/org/apache/commons/math4/analysis/differentiation/SparseGradient.java - add#SparseGradient#,Map.get()
/Users/first_author/AU500_dataset_repositories/commons-math/src/main/java/org/apache/commons/math4/ml/clustering/DBSCANClusterer.java - cluster#Collection#,Map.get()
/Users/first_author/AU500_dataset_repositories/commons-math/src/test/java/org/apache/commons/math4/analysis/differentiation/DSCompilerTest.java - testCompositionRules#,Map.get()
/Users/first_author/AU500_dataset_repositories/pdfbox/pdfbox/src/test/java/org/apache/pdfbox/pdmodel/graphics/image/CCITTFactoryTest.java - testCreateFromRandomAccessMulti#,Iterator.next()
/Users/first_author/AU500_dataset_repositories/pdfbox/fontbox/src/main/java/org/apache/fontbox/ttf/CmapSubtable.java - getCharCodes#int#,Collection.add()
/Users/first_author/AU500_dataset_repositories/pdfbox/debugger/src/main/java/org/apache/pdfbox/debugger/fontencodingpane/FontEncodingView.java - getHeaderPanel#Map#,Map.keySet(),Map.get()
/Users/first_author/AU500_dataset_repositories/pdfbox/debugger/src/main/java/org/apache/pdfbox/debugger/fontencodingpane/FontEncodingView.java - getHeaderPanel#Map#,Iterator.next(),Iterator.hasNext(),Iterable.iterator()
/Users/first_author/AU500_dataset_repositories/pdfbox/examples/src/main/java/org/apache/pdfbox/examples/pdmodel/PrintURLs.java - main#String[]#,Collection.size()
/Users/first_author/AU500_dataset_repositories/pdfbox/fontbox/src/test/java/org/apache/fontbox/cff/CFFParserTest.java - testDeltaLists#,Map.get()
/Users/first_author/AU500_dataset_repositories/santuario-java/src/main/java/org/apache/xml/security/signature/XMLSignatureInputDebugger.java - getHTMLRepresentation#,Iterator.next()
/Users/first_author/AU500_dataset_repositories/santuario-java/src/main/java/org/apache/xml/security/algorithms/implementations/ECDSAUtils.java - getOIDFromPublicKey#ECPublicKey#,Iterator.next(),Iterator.hasNext(),Iterable.iterator()
/Users/first_author/AU500_dataset_repositories/santuario-java/src/test/java/org/apache/xml/security/test/dom/utils/DocumentBuilderPoolingTest.java - testPooling#,Iterator.next(),Iterator.hasNext(),Iterable.iterator()
/Users/first_author/AU500_dataset_repositories/santuario-java/src/main/java/org/apache/xml/security/stax/impl/processor/output/AbstractSignatureOutputProcessor.java - verifySignatureParts#OutputProcessorChain#,Iterator.next(),Iterator.hasNext(),Iterable.iterator()
/Users/first_author/AU500_dataset_repositories/swingx/swingx-action/src/main/java/org/jdesktop/swingx/action/CompositeAction.java - itemStateChanged#ItemEvent#,Iterator.next(),Iterator.hasNext(),Iterable.iterator()
/Users/first_author/AU500_dataset_repositories/swingx/swingx-demos/swingx-demos-content/src/main/java/org/jdesktop/swingx/demos/graph/GraphDemo.java - main#String[]#,Container.add()
/Users/first_author/AU500_dataset_repositories/swingx/swingx-demos/swingx-demos-content/src/main/java/org/jdesktop/swingx/demos/tipoftheday/TipOfTheDayDemo.java - main#String[]#,Container.add()
/Users/first_author/AU500_dataset_repositories/commons-text/src/test/java/org/apache/commons/text/StrTokenizerTest.java - testTokenizeSubclassInputChange#,Iterator.next()
/Users/first_author/AU500_dataset_repositories/commons-text/src/test/java/org/apache/commons/text/StrTokenizerTest.java - testConstructor_String#,Iterator.hasNext()
/Users/first_author/AU500_dataset_repositories/commons-text/src/test/java/org/apache/commons/text/StringTokenizerTest.java - testConstructor_charArray#,Iterator.hasNext()
/Users/first_author/AU500_dataset_repositories/commons-text/src/test/java/org/apache/commons/text/StringTokenizerTest.java - testIteration#,Iterator.next(),Iterator.hasNext()
/Users/first_author/AU500_dataset_repositories/commons-text/src/test/java/org/apache/commons/text/StrTokenizerTest.java - testBasic3#,Iterator.next(),Iterator.hasNext()
/Users/first_author/AU500_dataset_repositories/commons-text/src/test/java/org/apache/commons/text/StrTokenizerTest.java - testBasicTrimmed1#,Iterator.next(),Iterator.hasNext()
/Users/first_author/AU500_dataset_repositories/commons-text/src/test/java/org/apache/commons/text/StrTokenizerTest.java - testConstructor_String#,Iterator.next(),Iterator.hasNext()
/Users/first_author/AU500_dataset_repositories/commons-text/src/test/java/org/apache/commons/text/StringTokenizerTest.java - testConstructor_charArray#,Iterator.next(),Iterator.hasNext()
/Users/first_author/AU500_dataset_repositories/wildfly-elytron/src/main/java/org/wildfly/security/http/impl/NonceManager.java - generateNonce#byte[]#,ByteBuffer.put(),ByteBuffer.allocate(),Buffer.array()
/Users/first_author/AU500_dataset_repositories/wildfly-elytron/src/main/java/org/wildfly/security/sasl/scram/ScramUtil.java - getSecureRandom#Map#,Map.get()
/Users/first_author/AU500_dataset_repositories/xmlgraphics-fop/fop-core/src/main/codegen/unicode/java/org/apache/fop/complexscripts/bidi/GenerateBidiTestData.java - removeSurrogates#List#,Iterator.next(),Iterator.hasNext(),Iterable.iterator(),Collection.size()
/Users/first_author/AU500_dataset_repositories/xmlgraphics-fop/fop-core/src/main/java/org/apache/fop/svg/PDFANode.java - paint#Graphics2D#,StringTokenizer.nextToken(),StringTokenizer.hasMoreTokens()
/Users/first_author/AU500_dataset_repositories/xmlgraphics-fop/fop-core/src/main/codegen/unicode/java/org/apache/fop/complexscripts/bidi/GenerateBidiTestData.java - removeSurrogates#List#,Collection.add()
/Users/first_author/AU500_dataset_repositories/xmlgraphics-fop/fop-core/src/main/java/org/apache/fop/layoutmgr/AbstractLayoutManager.java - createChildLMs#int#,Collection.size()
/Users/first_author/AU500_dataset_repositories/xmlgraphics-fop/fop-core/src/main/codegen/unicode/java/org/apache/fop/complexscripts/bidi/GenerateBidiTestData.java - removeSurrogates#List#,Collection.addAll()
/Users/first_author/AU500_dataset_repositories/xmlgraphics-fop/fop-core/src/main/java/org/apache/fop/fonts/FontCache.java - saveTo#File#,ObjectOutput.writeObject()
/Users/first_author/AU500_dataset_repositories/xmlgraphics-fop/fop-core/src/main/java/org/apache/fop/fo/FObj.java - gatherContextInfo#,Iterator.next(),Iterator.hasNext()
/Users/first_author/AU500_dataset_repositories/xmlgraphics-fop/fop-sandbox/src/main/java/org/apache/fop/render/mif/MIFFile.java - output#OutputStream#,Iterator.next(),Iterator.hasNext()
/Users/first_author/AU500_dataset_repositories/xmlgraphics-fop/fop-core/src/main/java/org/apache/fop/render/rtf/rtflib/rtfdoc/RtfTableCell.java - writeRtfSuffix#,Collection.size()
/Users/first_author/AU500_dataset_repositories/xmlgraphics-fop/fop-events/src/main/java/org/apache/fop/tools/EventProducerCollector.java - createMethodModel#JavaMethod#,Map.get()
/Users/first_author/AU500_dataset_repositories/xmlgraphics-fop/fop-core/src/main/java/org/apache/fop/afp/AFPResourceLevelDefaults.java - getResourceType#String#,Map.get()
/Users/first_author/AU500_dataset_repositories/xmlgraphics-fop/fop-core/src/main/java/org/apache/fop/util/text/ChoiceFieldPart.java - isGenerated#Map#,Map.get()
/Users/first_author/AU500_dataset_repositories/xmlgraphics-fop/fop-core/src/main/java/org/apache/fop/fonts/cff/CFFDataReader.java - readLocalIndexSubrs#,Map.get()
/Users/first_author/AU500_dataset_repositories/xmlgraphics-fop/fop-core/src/test/java/org/apache/fop/render/pdf/PDFRendererConfigParserTestCase.java - testFilterListImage#,Map.get()
/Users/first_author/AU500_dataset_repositories/xmlgraphics-fop/fop-core/src/main/java/org/apache/fop/fonts/cff/CFFDataReader.java - readCharStringIndex#,List.get()
/Users/first_author/AU500_dataset_repositories/xmlgraphics-fop/fop-core/src/main/java/org/apache/fop/fonts/cff/CFFDataReader.java - readLocalIndexSubrs#,List.get()
/Users/first_author/AU500_dataset_repositories/xmlgraphics-fop/fop-core/src/test/java/org/apache/fop/render/pdf/PDFRendererConfigParserTestCase.java - testFilterListImage#,List.get()
/Users/first_author/AU500_dataset_repositories/xmlgraphics-fop/fop-core/src/test/java/org/apache/fop/fonts/EmbedFontInfoTestCase.java - testImmutableGetters#,List.get()
/Users/first_author/AU500_dataset_repositories/xmlgraphics-fop/fop-core/src/main/java/org/apache/fop/render/rtf/rtflib/rtfdoc/RtfTableCell.java - writeRtfSuffix#,List.get()
/Users/first_author/AU500_dataset_repositories/bigtop/bigtop-data-generators/bigpetstore-data-generator/src/main/java/org/apache/bigtop/datagenerators/bigpetstore/generators/products/ProductBuilderIterator.java - next#,Map.put(),Map.get(),Map.put(),Map.get()
/Users/first_author/AU500_dataset_repositories/bigtop/bigtop-data-generators/bigpetstore-data-generator/src/main/java/org/apache/bigtop/datagenerators/bigpetstore/generators/products/cartesian/CartesianProductField.java - next#,Map.put(),Map.put(),Map.get()
/Users/first_author/AU500_dataset_repositories/bigtop/bigtop-data-generators/bigpetstore-data-generator/src/main/java/org/apache/bigtop/datagenerators/bigpetstore/generators/products/ProductBuilderIterator.java - next#,Map.put(),Map.put(),Map.get()
/Users/first_author/AU500_dataset_repositories/commons-lang/src/test/java/org/apache/commons/lang3/tuple/PairTest.java - testMapEntry#,Iterator.next(),Iterator.next(),Iterator.hasNext()
/Users/first_author/AU500_dataset_repositories/commons-lang/src/test/java/org/apache/commons/lang3/ClassUtilsTest.java - testHierarchyIncludingInterfaces#,Iterator.next(),Iterator.hasNext(),Iterator.next(),Iterator.hasNext()
/Users/first_author/AU500_dataset_repositories/commons-lang/src/test/java/org/apache/commons/lang3/tuple/PairTest.java - testMapEntry#,Map.put(),Map.put(),Map.get()
/Users/first_author/AU500_dataset_repositories/commons-lang/src/test/java/org/apache/commons/lang3/tuple/MutablePairTest.java - testSerialization#,ObjectOutput.writeObject(),ByteArrayOutputStream.toByteArray(),ObjectOutput.writeObject(),AutoCloseable.close(),ByteArrayOutputStream.toByteArray()
/Users/first_author/AU500_dataset_repositories/commons-lang/src/test/java/org/apache/commons/lang3/concurrent/ConcurrentUtilsTest.java - testPutIfAbsentKeyPresent#,Map.put(),Map.get(),Map.put(),Map.get()
/Users/first_author/AU500_dataset_repositories/commons-lang/src/test/java/org/apache/commons/lang3/event/EventListenerSupportTest.java - testEventDispatchOrder#,Collection.size(),Collection.add(),Collection.size(),Collection.toArray()
/Users/first_author/AU500_dataset_repositories/commons-lang/src/main/java/org/apache/commons/lang3/exception/ExceptionUtils.java - getRootCause#Throwable#,Collection.isEmpty(),Collection.isEmpty(),Iterable.iterator()
/Users/first_author/AU500_dataset_repositories/commons-lang/src/main/java/org/apache/commons/lang3/exception/ExceptionUtils.java - getRootCause#Throwable#,Collection.size(),Collection.size(),Iterable.iterator()
/Users/first_author/AU500_dataset_repositories/commons-lang/src/test/java/org/apache/commons/lang3/SerializationUtilsTest.java - testDeserializeBytes#,ObjectOutput.writeObject(),AutoCloseable.close(),ByteArrayOutputStream.toByteArray(),ObjectOutput.writeObject(),AutoCloseable.close(),ByteArrayOutputStream.toByteArray()
/Users/first_author/AU500_dataset_repositories/commons-lang/src/test/java/org/apache/commons/lang3/SerializationUtilsTest.java - testDeserializeBytesOfNull#,ObjectOutput.writeObject(),AutoCloseable.close(),ByteArrayOutputStream.toByteArray(),ObjectOutput.writeObject(),AutoCloseable.close(),ByteArrayOutputStream.toByteArray()
/Users/first_author/AU500_dataset_repositories/commons-lang/src/test/java/org/apache/commons/lang3/SerializationUtilsTest.java - testDeserializeStreamOfNull#,ObjectOutput.writeObject(),AutoCloseable.close(),ByteArrayOutputStream.toByteArray(),ObjectOutput.writeObject(),AutoCloseable.close(),ByteArrayOutputStream.toByteArray()
/Users/first_author/AU500_dataset_repositories/commons-lang/src/test/java/org/apache/commons/lang3/SerializationUtilsTest.java - testClone#,Map.get(),Map.put(),Map.get()
/Users/first_author/AU500_dataset_repositories/commons-lang/src/test/java/org/apache/commons/lang3/concurrent/ConcurrentUtilsTest.java - testCreateIfAbsentKeyNotPresent#,Map.get(),Map.put(),Map.get()
/Users/first_author/AU500_dataset_repositories/commons-lang/src/test/java/org/apache/commons/lang3/SerializationUtilsTest.java - testDeserializeBytes#,Map.get(),Map.put(),Map.get()
