,Project,Version,,,API 1,,,,Misuse,,,,DMMC,GrouMiner,Jadet,Tikanga,MUDetect,MUDetectXP,,COMPOSITE,ALP,,,,,,,,ALP uniq
,,,,,,,,,,,,,,,,,,,,,,,,,,,,,
1,aclang,587,org/apache/commons/lang/text/StrBuilder.java,"appendFixedWidthPadLeft(Object, int, char)",org.apache.commons.lang.text.StrBuilder,missing/condition/null_check,,,1,,resource_leak,,FALSE,FALSE,FALSE,FALSE,FALSE,FALSE,,FALSE,FALSE,,,,,,,,FALSE
2,aclang,587,org/apache/commons/lang/text/StrBuilder.java,"appendFixedWidthPadRight(Object, int, char)",org.apache.commons.lang.text.StrBuilder,missing/condition/null_check,,,2,,exception,,FALSE,FALSE,FALSE,FALSE,FALSE,FALSE,,FALSE,FALSE,,,,,,,,FALSE
3,acmath,998,org/apache/commons/math3/geometry/euclidean/threed/SubLine.java,"intersection(SubLine, boolean)",org.apache.commons.math3.geometry.euclidean.threed.Line,missing/condition/null_check,,,1,,exception,,FALSE,FALSE,FALSE,FALSE,FALSE,FALSE,,FALSE,FALSE,,,,,,,,FALSE
4,acmath,998,org/apache/commons/math3/geometry/euclidean/twod/SubLine.java,"intersection(SubLine, boolean)",org.apache.commons.math3.geometry.euclidean.twod.Line,missing/condition/null_check,,,2,,exception,,FALSE,FALSE,FALSE,FALSE,FALSE,FALSE,,FALSE,FALSE,,,,,,,,FALSE
5,adempiere,1312,org/compiere/util/Secure.java,encrypt(String),java.lang.String,missing/call,redundant/call,,1,,wrong,,FALSE,FALSE,FALSE,FALSE,FALSE,FALSE,,FALSE,FALSE,,,,,,,,FALSE
6,adempiere,1312,org/compiere/util/Secure.java,decrypt(String),java.lang.String,missing/call,redundant/call,,2,,wrong,,FALSE,FALSE,FALSE,FALSE,FALSE,FALSE,,FALSE,FALSE,,,,,,,,FALSE
7,alibaba-druid,e10f28,com/alibaba/druid/filter/config/ConfigTools.java,"decrypt(PublicKey, String)",javax.crypto.Cipher,missing/call,,,1,,wrong,,FALSE,FALSE,FALSE,FALSE,FALSE,FALSE,,FALSE,TRUE,,,,,,,,TRUE
8,alibaba-druid,e10f28,com/alibaba/druid/filter/config/ConfigTools.java,"encrypt(byte[], String)",javax.crypto.Cipher,missing/exception_handling,,,2,,wrong,,FALSE,FALSE,FALSE,FALSE,FALSE,FALSE,,FALSE,TRUE,,,,,,,,TRUE
9,apache-gora,bb09d89,org/apache/gora/accumulo/store/PartitionTest.java,encl(long),java.io.DataOutputStream,missing/call,,,56_1,,wrong,,FALSE,FALSE,FALSE,FALSE,FALSE,FALSE,,FALSE,TRUE,,,,,,,,TRUE
10,apache-gora,bb09d89,org/apache/gora/util/TestWritableUtils.java,testWritesReads(),java.io.DataOutputStream,missing/call,,,56_2,,wrong,,FALSE,FALSE,FALSE,FALSE,FALSE,FALSE,,FALSE,TRUE,,,,,,,,TRUE
11,argouml,26,org/argouml/persistence/ZargoFilePersister.java,"loadFromZargo(File, ProgressMgr)",java.util.Iterator,missing/condition/value_or_state,missing/call,,tikanga11-1,,exception,,TRUE,FALSE,FALSE,FALSE,TRUE,TRUE,,TRUE,TRUE,,,,,,,,FALSE
12,argouml,26,org/argouml/uml/util/PathComparator.java,"comparePaths(Object, Object)",java.util.Iterator,missing/call,,,tikanga11-2,,exception,,FALSE,FALSE,FALSE,TRUE,TRUE,TRUE,,TRUE,TRUE,,,,,,,,FALSE
13,argouml,26,org/argouml/persistence/ZargoFilePersister.java,doLoad(File),java.util.Iterator,missing/condition/value_or_state,missing/call,,tikanga11-3,,exception,,TRUE,FALSE,FALSE,FALSE,TRUE,TRUE,,TRUE,TRUE,,,,,,,,FALSE
14,argouml,26,org/argouml/persistence/ZargoFilePersister.java,"loadFromZargo(File, ProgressMgr)",java.util.Iterator,missing/condition/value_or_state,missing/call,duplicate,tikanga11-4,,resource_leak,,TRUE,FALSE,FALSE,FALSE,TRUE,TRUE,,TRUE,FALSE,,,,,,,,FALSE
15,asterisk-java,41461b4,org/asteriskjava/manager/event/RtcpReceivedEvent.java,setPt(String),java.lang.Long,missing/exception_handling,,,194,,exception,,FALSE,FALSE,FALSE,FALSE,FALSE,TRUE,,TRUE,TRUE,,,,,,,,FALSE
16,asterisk-java,304421c,org/asteriskjava/manager/event/AsyncAgiEvent.java,decode(String),java.net.URLDecoder,missing/condition/value_or_state,,,81,,wrong,,FALSE,FALSE,FALSE,FALSE,FALSE,FALSE,,FALSE,FALSE,,,,,,,,FALSE
17,asterisk-java,304421c,org/asteriskjava/manager/internal/EventBuilderImpl.java,"buildEvent(Object, Map)",java.util.List,missing/condition/value_or_state,missing/call,,dmmc-8,,exception,,TRUE,FALSE,FALSE,FALSE,FALSE,FALSE,,TRUE,FALSE,,,,,,,,FALSE
18,asterisk-java,304421c,org/asteriskjava/manager/internal/EventBuilderImpl.java,"buildEvent(Object, Map)",java.util.List,missing/condition/value_or_state,missing/call,duplicate,dmmc-9,,exception,,,,,,,,,,,,,,,,,,FALSE
19,battleforge,878,de/battleforge/util/BFProperties.java,"setProperty(BFProps, String, boolean)",java.lang.String,missing/call,redundant/call,,1,,wrong,,FALSE,FALSE,FALSE,FALSE,FALSE,FALSE,,FALSE,FALSE,,,,,,,,FALSE
20,battleforge,878,de/battleforge/util/BFProperties.java,"setProperty(BFProps, String, boolean)",java.lang.String,missing/call,redundant/call,,2,,wrong,,FALSE,FALSE,FALSE,FALSE,FALSE,FALSE,,FALSE,FALSE,,,,,,,,FALSE
21,battleforge,878,de/battleforge/util/BFProperties.java,getProperty(BFProps),java.lang.String,missing/call,redundant/call,,3,,wrong,,FALSE,FALSE,FALSE,FALSE,FALSE,FALSE,,FALSE,FALSE,,,,,,,,FALSE
22,battleforge,878,de/battleforge/util/BFProperties.java,getProperty(BFProps),java.lang.String,missing/call,redundant/call,,4,,wrong,,FALSE,FALSE,FALSE,FALSE,FALSE,FALSE,,FALSE,FALSE,,,,,,,,FALSE
23,bcel,2.40E+09,org/apache/commons/bcel6/generic/InstructionList.java,getByteCode(),java.io.DataOutputStream,missing/call,,,101,,wrong,,TRUE,FALSE,FALSE,FALSE,FALSE,FALSE,,TRUE,TRUE,,,,,,,,FALSE
24,chensun,cf23b99,server/generateChecksumPostsAndReplies.java,main(String[]),javax.crypto.Cipher,missing/condition/value_or_state,,,1,,wrong,,FALSE,FALSE,FALSE,FALSE,FALSE,FALSE,,FALSE,FALSE,,,,,,,,FALSE
25,chensun,cf23b99,server/generateChecksumPostsAndReplies.java,main(String[]),javax.crypto.Cipher,missing/condition/value_or_state,,duplicate,2,,wrong,,,,,,,,,,,,,,,,,,FALSE
26,chensun,cf23b99,database/SocialNetworkDatabasePosts.java,"getPost(Connection, String, String, String, int)",java.sql.ResultSet,missing/call,,,grouminer-3,,resource_leak,,FALSE,TRUE,TRUE,FALSE,TRUE,TRUE,,TRUE,FALSE,,,,,,,,FALSE
27,chensun,cf23b99,database/SocialNetworkDatabasePosts.java,"getPost(Connection, String, String, String, int)",java.sql.ResultSet,missing/call,,duplicate,grouminer-3a,,resource_leak,,,,,,,,,,,,,,,,,,FALSE
28,chensun,cf23b99,database/SocialNetworkDatabasePosts.java,"addFFAParticipipant(Connection, int, String, String)",java.sql.PreparedStatement,missing/call,,,grouminer-9,,resource_leak,,FALSE,TRUE,FALSE,FALSE,TRUE,FALSE,,TRUE,FALSE,,,,,,,,FALSE
29,chensun,cf23b99,database/SocialNetworkDatabasePosts.java,"getPost(Connection, String, String, String, int)",java.sql.PreparedStatement,missing/call,,,jadet-1,,resource_leak,,,,,,,,,,,,,,,,,,FALSE
30,chensun,cf23b99,database/SocialNetworkDatabasePosts.java,"getPost(Connection, String, String, String, int)",java.sql.PreparedStatement,missing/call,,duplicate,jadet-1a,,resource_leak,,FALSE,FALSE,TRUE,FALSE,TRUE,TRUE,,TRUE,TRUE,,,,,,,,FALSE
31,chensun,cf23b99,database/SocialNetworkDatabaseBoards.java,"getBoardList(Connection, String)",java.sql.ResultSet,missing/call,,,jadet-2,,resource_leak,,,,,,,,,,,,,,,,,,FALSE
32,chensun,cf23b99,database/SocialNetworkDatabaseBoards.java,"getBoardList(Connection, String)",java.sql.ResultSet,missing/call,,duplicate,jadet-2a,,resource_leak,,FALSE,TRUE,TRUE,FALSE,TRUE,TRUE,,TRUE,TRUE,,,,,,,,FALSE
33,chensun,cf23b99,database/SocialNetworkDatabaseBoards.java,"authorizedGoToBoard(Connection, String, String)",java.sql.ResultSet,missing/call,,,jadet-5,,resource_leak,,FALSE,FALSE,TRUE,FALSE,FALSE,TRUE,,TRUE,TRUE,,,,,,,,FALSE
34,chensun,cf23b99,database/SocialNetworkDatabaseBoards.java,"authorizedGoToBoard(Connection, String, String)",java.sql.ResultSet,missing/call,,duplicate,jadet-5a,,resource_leak,,,,,,,,,,,,,,,,,,FALSE
35,chensun,cf23b99,???,??,java.sql.PreparedStatement,missing/call,,,MUDetect-1,,resource_leak,,FALSE,FALSE,FALSE,FALSE,TRUE,FALSE,,TRUE,FALSE,,,,,,,,FALSE
36,chensun,cf23b99,database/SocialNetworkDatabasePosts.jav,"postExists(Connection, String, String, int)",java.sql.ResultSet,missing/call,,,MUDetect-4,,resource_leak,,FALSE,FALSE,FALSE,FALSE,TRUE,TRUE,,TRUE,FALSE,,,,,,,,FALSE
37,chensun,cf23b99,database/SocialNetworkDatabaseBoards.java,"createBoard(Connection, String, String)",java.sql.PreparedStatement,missing/call,,,MUDetect-12,,resource_leak,,FALSE,FALSE,FALSE,FALSE,TRUE,FALSE,,TRUE,FALSE,,,,,,,,FALSE
38,chensun,cf23b99,database/DatabaseAdmin.java,"replaceBoardManager(Connection, String)",java.sql.PreparedStatement,missing/call,,,MUDetect-13,,resource_leak,,FALSE,FALSE,FALSE,FALSE,TRUE,FALSE,,TRUE,FALSE,,,,,,,,FALSE
39,closure,884,com/google/javascript/jscomp/TypeCheck.java,"checkInterfaceConflictProperties(NodeTraversal, Node, String, HashMap, HashMap, ObjectType)",com.google.javascript.rhino.jstype.ObjectType,missing/condition/null_check,,,3,,exception,,FALSE,FALSE,FALSE,FALSE,FALSE,FALSE,,FALSE,FALSE,,,,,,,,FALSE
40,closure,319,com/google/javascript/jscomp/CommandLineRunner.java,parseArguments(Parameters),org.kohsuke.args4j.spi.Parameters,missing/exception_handling,,,2,,exception,,FALSE,FALSE,FALSE,FALSE,FALSE,FALSE,,FALSE,TRUE,,,,,,,,TRUE
41,closure,319,com/google/javascript/jscomp/SimpleDefinitionFinder.java,"visit(NodeTraversal, Node, Node)",java.util.Iterator,missing/condition/value_or_state,,,dmmc-13,,exception,,TRUE,FALSE,FALSE,FALSE,TRUE,TRUE,,TRUE,TRUE,,,,,,,,FALSE
42,closure,319,com/google/javascript/jscomp/deps/SortedDependencies.java,cycleToString(List),java.util.Iterator,missing/condition/value_or_state,,,dmmc-1023,,exception,,TRUE,FALSE,FALSE,FALSE,TRUE,TRUE,,TRUE,TRUE,,,,,,,,FALSE
43,closure,319,com/google/javascript/jscomp/jsonml/Writer.java,"processCall(Node, JsonML)",java.util.Iterator,missing/condition/value_or_state,,,MUDetect-12,,exception,,FALSE,FALSE,FALSE,FALSE,TRUE,TRUE,,TRUE,TRUE,,,,,,,,FALSE
44,closure,319,com/google/javascript/jscomp/ReplaceMessages.java,"constructStringExprNode(Iterator, Node)",java.util.Iterator,missing/condition/value_or_state,,,MUDetect-13,,exception,,FALSE,FALSE,FALSE,TRUE,TRUE,TRUE,,TRUE,TRUE,,,,,,,,FALSE
45,closure,319,com/google/javascript/jscomp/TightenTypes.java,"getImplicitActionsFromCall(Node, JSType)",java.util.Iterator,missing/condition/value_or_state,,,MUDetect-17,,exception,,FALSE,FALSE,FALSE,TRUE,TRUE,TRUE,,TRUE,FALSE,,,,,,,,FALSE
46,closure,319,com/google/javascript/jscomp/ReplaceMessages.java,"constructAddOrStringNode(Iterator, Node)",java.util.Iterator,missing/condition/value_or_state,,,MUDetect-18,,exception,,FALSE,FALSE,FALSE,FALSE,TRUE,TRUE,,TRUE,FALSE,,,,,,,,FALSE
47,closure,319,com/google/javascript/jscomp/deps/SortedDependencies.java,cycleToString(List),java.util.List,missing/condition/value_or_state,,,MUDetectxp-13,,exception,,FALSE,FALSE,FALSE,FALSE,FALSE,TRUE,,TRUE,FALSE,,,,,,,,FALSE
48,closure,319,com/google/javascript/jscomp/SimpleDefinitionFinder.java,"visit(NodeTraversal, Node, Node)",java.util.Map,missing/condition/null_check,,,MUDetectxp-16,,exception,,FALSE,FALSE,FALSE,FALSE,FALSE,TRUE,,TRUE,TRUE,,,,,,,,FALSE
49,closure,319,com/google/javascript/jscomp/SimpleDefinitionFinder.java,"visit(NodeTraversal, Node, Node)",java.util.Map,missing/condition/null_check,,duplicate,MUDetectxp-17,,exception,,,,,,,,,,,,,,,,,,FALSE
50,closure,319,com/google/javascript/jscomp/JSModuleGraph.java,getDeepestCommonDependencyInclusive(Collection),java.util.Iterator,missing/condition/value_or_state,,,tikanga-2,,exception,,FALSE,FALSE,FALSE,TRUE,TRUE,TRUE,,TRUE,FALSE,,,,,,,,FALSE
51,closure,319,com/google/javascript/jscomp/TypeCheck.java,"visitParameterList(NodeTraversal, Node, FunctionType)",java.util.Iterator,missing/condition/value_or_state,,,tikanga-6,,exception,,FALSE,FALSE,FALSE,TRUE,TRUE,TRUE,,TRUE,FALSE,,,,,,,,FALSE
52,closure,114,com/google/javascript/rhino/jstype/UnionType.java,meet(JSType),com.google.javascript.rhino.jstype.UnionTypeBuilder,redundant/condition/null_check,,,1,,exception,,FALSE,FALSE,FALSE,FALSE,FALSE,FALSE,,FALSE,FALSE,,,,,,,,FALSE
53,corona-old,0d0d18b,com/corona/crypto/AESCypher.java,setEncryptKey(byte[]),javax.crypto.Cipher,missing/condition/value_or_state,,,1,,wrong,,FALSE,FALSE,FALSE,FALSE,FALSE,FALSE,,FALSE,FALSE,,,,,,,,FALSE
54,corona-old,0d0d18b,com/corona/crypto/AESCypher.java,setDecryptKey(byte[]),javax.crypto.Cipher,missing/condition/value_or_state,,,2,,wrong,,FALSE,FALSE,FALSE,FALSE,FALSE,FALSE,,FALSE,FALSE,,,,,,,,FALSE
55,corona-old,0d0d18b,com/corona/crypto/DESCypher.java,setEncryptKey(byte[]),javax.crypto.Cipher,missing/condition/value_or_state,,,3,,wrong,,FALSE,FALSE,FALSE,FALSE,FALSE,FALSE,,FALSE,FALSE,,,,,,,,FALSE
56,corona-old,0d0d18b,com/corona/crypto/DESCypher.java,setDecryptKey(byte[]),javax.crypto.Cipher,missing/condition/value_or_state,,,4,,wrong,,FALSE,FALSE,FALSE,FALSE,FALSE,FALSE,,FALSE,FALSE,,,,,,,,FALSE
57,hoverruan-weiboclient4j,6ca0c73,weiboclient4j/params/Cid.java,Cid(String),java.lang.Long,missing/exception_handling,,,128,,exception,,FALSE,FALSE,FALSE,FALSE,FALSE,TRUE,,TRUE,TRUE,,,,,,,,FALSE
58,hoverruan-weiboclient4j,6ca0c73,weiboclient4j/params/Id.java,Id(String),java.lang.Long,missing/exception_handling,,,129,,exception,,FALSE,FALSE,FALSE,FALSE,FALSE,TRUE,,TRUE,TRUE,,,,,,,,FALSE
59,hoverruan-weiboclient4j,6ca0c73,weiboclient4j/params/Uid.java,Uid(String),java.lang.Long,missing/exception_handling,,,130,,exception,,FALSE,FALSE,FALSE,FALSE,FALSE,TRUE,,TRUE,TRUE,,,,,,,,FALSE
60,hoverruan-weiboclient4j,6ca0c73,weiboclient4j/params/Suid.java,Suid(String),java.lang.Long,missing/exception_handling,,,131,,exception,,FALSE,FALSE,FALSE,FALSE,FALSE,TRUE,,TRUE,TRUE,,,,,,,,FALSE
61,hoverruan-weiboclient4j,6ca0c73,weiboclient4j/params/TargetUid.java,TargetUid(String),java.lang.Long,missing/exception_handling,,,132,,exception,,FALSE,FALSE,FALSE,FALSE,FALSE,TRUE,,TRUE,TRUE,,,,,,,,FALSE
62,hoverruan-weiboclient4j,6ca0c73,weiboclient4j/params/SourceUid.java,SourceUid(String),java.lang.Long,missing/exception_handling,,,133,,exception,,FALSE,FALSE,FALSE,FALSE,FALSE,TRUE,,TRUE,TRUE,,,,,,,,FALSE
63,hoverruan-weiboclient4j,6ca0c73,weiboclient4j/params/TagId.java,TagId(String),java.lang.Long,missing/exception_handling,,,134,,exception,,FALSE,FALSE,FALSE,FALSE,FALSE,TRUE,,TRUE,TRUE,,,,,,,,FALSE
64,httpclient,452,org/apache/commons/httpclient/util/DateUtil.java,"formatDate(Date, String)",java.text.SimpleDateFormat,,,,4,,wrong,,FALSE,FALSE,FALSE,FALSE,FALSE,FALSE,,FALSE,FALSE,,,,,,,,FALSE
65,httpclient,302,org/apache/commons/httpclient/HttpMethodDirector.java,executeWithRetry(HttpMethod),org.apache.commons.httpclient.HttpConnection,missing/call,,,1,,resource_leak,,FALSE,FALSE,FALSE,FALSE,FALSE,FALSE,,FALSE,FALSE,,,,,,,,FALSE
66,httpclient,302,org/apache/commons/httpclient/HttpMethodDirector.java,executeWithRetry(HttpMethod),org.apache.commons.logging.Log,missing/condition/value_or_state,,,MUDetect-14,,wrong,,FALSE,FALSE,FALSE,FALSE,TRUE,FALSE,,TRUE,FALSE,,,,,,,,FALSE
67,httpclient,444,org/apache/commons/httpclient/HttpMethodDirector.java,processWWWAuthChallenge(HttpMethod),org.apache.commons.httpclient.auth.AuthState,missing/call,,,2,,wrong,,FALSE,FALSE,FALSE,FALSE,FALSE,FALSE,,FALSE,FALSE,,,,,,,,FALSE
68,httpclient,444,org/apache/commons/httpclient/HttpMethodDirector.java,processProxyAuthChallenge(HttpMethod),org.apache.commons.httpclient.auth.AuthState,missing/call,,,3,,wrong,,FALSE,FALSE,FALSE,FALSE,FALSE,FALSE,,FALSE,FALSE,,,,,,,,FALSE
69,itext,5091,com/itextpdf/text/pdf/PdfPublicKeySecurityHandler.java,"computeRecipientInfo(X509Certificate, byte[])",javax.crypto.Cipher,,,,1,,exception,,FALSE,FALSE,FALSE,FALSE,FALSE,FALSE,,FALSE,TRUE,,,,,,,,TRUE
70,itext,5091,com/itextpdf/text/pdf/SimpleBookmark.java,"iterateOutlines(PdfWriter, PdfIndirectReference, List, boolean)",java.util.StringTokenizer,,,,dmmc-15,,exception,,TRUE,FALSE,FALSE,FALSE,TRUE,TRUE,,TRUE,TRUE,,,,,,,,FALSE
71,itext,5091,com/itextpdf/text/pdf/CJKFont.java,getBBox(int),java.util.StringTokenizer,,,,dmmc-16,,exception,,,,,,,,,#VALUE!,,,,,,,,,FALSE
72,itext,5091,com/itextpdf/text/pdf/CJKFont.java,getBBox(int),java.util.StringTokenizer,,,duplicate,dmmc-16a,,exception,,TRUE,FALSE,FALSE,FALSE,TRUE,TRUE,,TRUE,TRUE,,,,,,,,FALSE
73,itext,5091,com/itextpdf/text/html/WebColors.java,getRGBColor(String),java.util.StringTokenizer,,,,dmmc-18,,exception,,TRUE,FALSE,FALSE,FALSE,TRUE,TRUE,,TRUE,TRUE,,,,,,,,FALSE
74,itext,5091,com/itextpdf/awt/PdfGraphics2D.java,"drawImage(Image, Image, AffineTransform, Color, ImageObserver)",java.util.Iterator,,,,dmmc-61,,exception,,TRUE,FALSE,FALSE,FALSE,TRUE,TRUE,,TRUE,TRUE,,,,,,,,FALSE
75,itext,5091,com/itextpdf/text/pdf/PdfWriter.java,"writeCrossReferenceTable(OutputStream, PdfIndirectReference, PdfIndirectReference, PdfIndirectReference, PdfObject, long)",java.util.Iterator,,,,dmmc-357,,exception,,TRUE,FALSE,FALSE,TRUE,TRUE,TRUE,,TRUE,FALSE,,,,,,,,FALSE
76,itext,5091,com/itextpdf/text/pdf/PdfPKCS7.java,"PdfPKCS7(byte[], byte[], String)",java.util.Iterator,,,,dmmc-937,,exception,,TRUE,FALSE,FALSE,TRUE,TRUE,TRUE,,TRUE,TRUE,,,,,,,,FALSE
77,itext,5091,com/itextpdf/text/pdf/PdfStructureTreeRoot.java,"nodeProcess(PdfDictionary, PdfIndirectReference)",com.itextpdf.text.pdf.PdfArray,,,,jadet-5,,exception,,FALSE,FALSE,TRUE,FALSE,FALSE,FALSE,,TRUE,FALSE,,,,,,,,FALSE
78,itext,5091,com/itextpdf/text/pdf/fonts/cmaps/AbstractCMap.java,"addRange(PdfString, PdfString, PdfObject)",com.itextpdf.text.pdf.PdfArray,,,,jadet-9,,exception,,FALSE,FALSE,TRUE,TRUE,FALSE,FALSE,,TRUE,TRUE,,,,,,,,FALSE
79,itext,5091,com/itextpdf/text/pdf/SimpleBookmark.java,"makeBookmarkParam(PdfArray, IntHashtable)",com.itextpdf.text.pdf.PdfArray,,,,MUDetect-10,,exception,,FALSE,FALSE,FALSE,FALSE,TRUE,FALSE,,TRUE,TRUE,,,,,,,,FALSE
80,itext,5091,com/itextpdf/text/pdf/PdfLayer.java,addChild(PdfLayer),com.itextpdf.text.pdf.PdfLayer,,,,MUDetect-38,,exception,,FALSE,FALSE,FALSE,FALSE,TRUE,FALSE,,TRUE,TRUE,,,,,,,,FALSE
81,ivantrendafilov-confucius,2c30287,org/trendafilov/confucius/core/AbstractConfiguration.java,getByteValue(String),java.lang.Byte,,,,93,,exception,,FALSE,FALSE,FALSE,FALSE,FALSE,FALSE,,FALSE,TRUE,,,,,,,,TRUE
82,ivantrendafilov-confucius,2c30287,org/trendafilov/confucius/core/AbstractConfiguration.java,"getByteValue(String, byte)",java.lang.Byte,,,,94,,exception,,FALSE,FALSE,FALSE,FALSE,FALSE,FALSE,,FALSE,TRUE,,,,,,,,TRUE
83,ivantrendafilov-confucius,2c30287,org/trendafilov/confucius/core/AbstractConfiguration.java,"getByteList(String, String)",java.lang.Byte,,,,95,,exception,,FALSE,FALSE,FALSE,FALSE,FALSE,FALSE,,FALSE,TRUE,,,,,,,,TRUE
84,ivantrendafilov-confucius,2c30287,org/trendafilov/confucius/core/AbstractConfiguration.java,getLongValue(String),java.lang.Long,,,,96,,exception,,FALSE,FALSE,FALSE,FALSE,FALSE,TRUE,,TRUE,TRUE,,,,,,,,FALSE
85,ivantrendafilov-confucius,2c30287,org/trendafilov/confucius/core/AbstractConfiguration.java,"getLongValue(String, long)",java.lang.Long,,,,97,,exception,,FALSE,FALSE,FALSE,FALSE,FALSE,TRUE,,TRUE,TRUE,,,,,,,,FALSE
86,ivantrendafilov-confucius,2c30287,org/trendafilov/confucius/core/AbstractConfiguration.java,"getLongList(String, String)",java.lang.Long,,,,98,,exception,,FALSE,FALSE,FALSE,FALSE,FALSE,TRUE,,TRUE,TRUE,,,,,,,,FALSE
87,ivantrendafilov-confucius,2c30287,org/trendafilov/confucius/core/AbstractConfiguration.java,getShortValue(String),java.lang.Short,,,,99,,exception,,FALSE,FALSE,FALSE,FALSE,FALSE,FALSE,,FALSE,TRUE,,,,,,,,TRUE
88,ivantrendafilov-confucius,2c30287,org/trendafilov/confucius/core/AbstractConfiguration.java,"getShortValue(String, short)",java.lang.Short,,,,100,,exception,,FALSE,FALSE,FALSE,FALSE,FALSE,FALSE,,FALSE,TRUE,,,,,,,,TRUE
89,ivantrendafilov-confucius,2c30287,org/trendafilov/confucius/core/AbstractConfiguration.java,"getShortList(String, String)",java.lang.Short,,,,101,,exception,,FALSE,FALSE,FALSE,FALSE,FALSE,FALSE,,FALSE,TRUE,,,,,,,,TRUE
90,jackrabbit,1601,org/apache/jackrabbit/core/ItemManager.java,"canRead(ItemData, Path)",org.apache.jackrabbit.core.ItemData,,,,1,,exception,,FALSE,FALSE,FALSE,FALSE,FALSE,FALSE,,FALSE,FALSE,,,,,,,,FALSE
91,jackrabbit,1750,org/apache/jackrabbit/spi/commons/value/QValueFactoryImpl.java,"BinaryQValue(InputStream, boolean)",java.io.InputStream,,,,5,,resource_leak,,TRUE,FALSE,FALSE,FALSE,FALSE,FALSE,,TRUE,FALSE,,,,,,,,FALSE
92,jackrabbit,1678,org/apache/jackrabbit/webdav/jcr/JcrDavException.java,JcrDavException(RepositoryException),java.util.Map,,,,2,,exception,,FALSE,FALSE,FALSE,FALSE,FALSE,FALSE,,FALSE,TRUE,,,,,,,,TRUE
93,jackrabbit,1694,org/apache/jackrabbit/core/config/RepositoryConfigurationParser.java,parseClusterConfig(Element),org.apache.jackrabbit.core.config.ConfigurationParser,,,,3a,,wrong,,FALSE,FALSE,FALSE,FALSE,FALSE,FALSE,,FALSE,FALSE,,,,,,,,FALSE
94,jackrabbit,1694,org/apache/jackrabbit/core/config/RepositoryConfigurationParser.java,parseClusterConfig(Element),org.apache.jackrabbit.core.config.ConfigurationParser,,,duplicate,3b,,wrong,,,,,,,,,#VALUE!,,,,,,,,,FALSE
95,jfreechart,103,org/jfree/chart/axis/Axis.java,"drawLabel(String, Graphics2D, Rectangle2D, Rectangle2D, RectangleEdge, AxisState, PlotRenderingInfo)",org.jfree.chart.plot.PlotRenderingInfo,,,,2,,exception,,FALSE,FALSE,FALSE,FALSE,FALSE,FALSE,,FALSE,TRUE,,,,,,,,TRUE
96,jfreechart,881,org/jfree/chart/plot/CategoryPlot.java,"removeDomainMarker(int, Marker, Layer, boolean)",java.util.Map,,,,7a,,exception,,FALSE,FALSE,FALSE,FALSE,FALSE,FALSE,,FALSE,TRUE,,,,,,,,TRUE
97,jfreechart,881,org/jfree/chart/plot/CategoryPlot.java,"removeRangeMarker(int, Marker, Layer, boolean)",java.util.Map,,,,7b,,exception,,FALSE,FALSE,FALSE,FALSE,FALSE,FALSE,,FALSE,TRUE,,,,,,,,TRUE
98,jfreechart,2266,org/jfree/chart/renderer/category/AbstractCategoryItemRenderer.java,getLegendItems(),org.jfree.chart.plot.CategoryPlot,,,,6,,exception,,FALSE,FALSE,FALSE,FALSE,FALSE,FALSE,,FALSE,TRUE,,,,,,,,TRUE
99,jfreechart,164,org/jfree/chart/renderer/category/StatisticalBarRenderer.java,"drawHorizontalItem(Graphics2D, CategoryItemRendererState, Rectangle2D, CategoryPlot, CategoryAxis, ValueAxis, StatisticalCategoryDataset, int, int)",org.jfree.data.statistics.StatisticalCategoryDataset,,,,3a,,exception,,FALSE,FALSE,FALSE,FALSE,FALSE,FALSE,,FALSE,TRUE,,,,,,,,TRUE
100,jfreechart,164,org/jfree/chart/renderer/category/StatisticalBarRenderer.java,"drawVerticalItem(Graphics2D, CategoryItemRendererState, Rectangle2D, CategoryPlot, CategoryAxis, ValueAxis, StatisticalCategoryDataset, int, int)",org.jfree.data.statistics.StatisticalCategoryDataset,,,,3b,,exception,,FALSE,FALSE,FALSE,FALSE,FALSE,FALSE,,FALSE,TRUE,,,,,,,,TRUE
101,jfreechart,164,org/jfree/chart/renderer/category/StatisticalBarRenderer.java,"drawHorizontalItem(Graphics2D, CategoryItemRendererState, Rectangle2D, CategoryPlot, CategoryAxis, ValueAxis, StatisticalCategoryDataset, int, int)",org.jfree.data.statistics.StatisticalCategoryDataset,,,duplicate,4a,,exception,,,,,,,,,#VALUE!,,,,,,,,,FALSE
102,jfreechart,164,org/jfree/chart/renderer/category/StatisticalBarRenderer.java,"drawVerticalItem(Graphics2D, CategoryItemRendererState, Rectangle2D, CategoryPlot, CategoryAxis, ValueAxis, StatisticalCategoryDataset, int, int)",org.jfree.data.statistics.StatisticalCategoryDataset,,,duplicate,4b,,exception,,,,,,,,,#VALUE!,,,,,,,,,FALSE
103,jfreechart,2183,org/jfree/chart/plot/XYPlot.java,getDataRange(ValueAxis),org.jfree.chart.plot.XYPlot,,,,5,,exception,,FALSE,FALSE,FALSE,FALSE,FALSE,FALSE,,FALSE,FALSE,,,,,,,,FALSE
104,jfreechart,1025,org/jfree/chart/util/ShapeUtilities.java,"equal(GeneralPath, GeneralPath)",com.itextpdf.awt.geom.GeneralPath,,,,1,,wrong,,TRUE,FALSE,FALSE,FALSE,FALSE,FALSE,,TRUE,FALSE,,,,,,,,FALSE
105,jigsaw,205,org/w3c/jigsaw/servlet/JigsawHttpServletRequest.java,getLocale(),java.util.Enumeration,,,,MUDetect-10,,exception,,FALSE,FALSE,FALSE,FALSE,TRUE,FALSE,,TRUE,FALSE,,,,,,,,FALSE
106,jigsaw,205,org/w3c/jigsaw/proxy/ProxyFrame.java,"handle(Request, URLDecoder)",org.w3c.tools.resources.ResourceReference,,,,MUDetect-12,,wrong,,FALSE,FALSE,FALSE,FALSE,TRUE,FALSE,,TRUE,FALSE,,,,,,,,FALSE
107,jigsaw,205,org/w3c/jigsaw/proxy/ProxyFrame.java,"lookupOther(LookupState, LookupResult)",org.w3c.tools.resources.ResourceReference,,,,tikanga-0,,wrong,,FALSE,FALSE,FALSE,TRUE,TRUE,FALSE,,TRUE,FALSE,,,,,,,,FALSE
108,jmrtd,51,sos/mrtd/SecureMessagingWrapper.java,"readDO8E(DataInputStream, byte[])",java.io.DataOutputStream,,,,1,,resource_leak,,FALSE,FALSE,FALSE,FALSE,FALSE,TRUE,,TRUE,TRUE,,,,,,,,FALSE
109,jmrtd,67,sos/mrtd/PassportAuthService.java,doAA(PublicKey),javax.crypto.Cipher,,,,2,,wrong,,FALSE,FALSE,FALSE,FALSE,FALSE,FALSE,,FALSE,FALSE,,,,,,,,FALSE
110,jodatime,1231,org/joda/time/contrib/hibernate/PersistentInterval.java,"nullSafeGet(ResultSet, String[], SessionImplementor, Object)",org.joda.time.Interval,,,,1,,exception,,FALSE,FALSE,FALSE,FALSE,FALSE,FALSE,,FALSE,FALSE,,,,,,,,FALSE
111,jodatime,cc35fb2,TestDays.java,testSerialization(),java.io.ObjectOutputStream,,,,269,,wrong,,FALSE,FALSE,FALSE,FALSE,FALSE,TRUE,,TRUE,TRUE,,,,,,,,FALSE
112,jodatime,cc35fb2,TestDurationFieldType.java,,java.io.ObjectOutputStream,,,,270,,wrong,,FALSE,FALSE,FALSE,FALSE,FALSE,TRUE,,TRUE,TRUE,,,,,,,,FALSE
113,jodatime,cc35fb2,TestDateTimeZone.java,,java.io.ObjectOutputStream,,,,271,,wrong,,FALSE,FALSE,FALSE,FALSE,FALSE,TRUE,,TRUE,TRUE,,,,,,,,FALSE
114,jodatime,cc35fb2,TestDateTimeZone.java,,java.io.ObjectOutputStream,,,,272,,wrong,,FALSE,FALSE,FALSE,FALSE,FALSE,TRUE,,TRUE,TRUE,,,,,,,,FALSE
115,jodatime,cc35fb2,TestDateTimeFieldType.java,,java.io.ObjectOutputStream,,,,273,,wrong,,FALSE,FALSE,FALSE,FALSE,FALSE,TRUE,,TRUE,TRUE,,,,,,,,FALSE
116,jodatime,cc35fb2,TestDateTimeComparator.java,,java.io.ObjectOutputStream,,,,274,,wrong,,FALSE,FALSE,FALSE,FALSE,FALSE,TRUE,,TRUE,TRUE,,,,,,,,FALSE
117,jodatime,cc35fb2,TestDateTimeComparator.java,,java.io.ObjectOutputStream,,,,275,,wrong,,FALSE,FALSE,FALSE,FALSE,FALSE,TRUE,,TRUE,TRUE,,,,,,,,FALSE
118,jodatime,cc35fb2,TestDateMidnight_Basics.java,,java.io.ObjectOutputStream,,,,276,,wrong,,FALSE,FALSE,FALSE,FALSE,FALSE,TRUE,,TRUE,TRUE,,,,,,,,FALSE
119,jodatime,cc35fb2,TestDateTime_Basics.java,,java.io.ObjectOutputStream,,,,277,,wrong,,FALSE,FALSE,FALSE,FALSE,FALSE,TRUE,,TRUE,TRUE,,,,,,,,FALSE
120,jodatime,cc35fb2,TestDuration_Basics.java,,java.io.ObjectOutputStream,,,,278,,wrong,,FALSE,FALSE,FALSE,FALSE,FALSE,TRUE,,TRUE,TRUE,,,,,,,,FALSE
121,jodatime,cc35fb2,TestHours.java,,java.io.ObjectOutputStream,,,,279,,wrong,,FALSE,FALSE,FALSE,FALSE,FALSE,TRUE,,TRUE,TRUE,,,,,,,,FALSE
122,jodatime,cc35fb2,TestInstant_Basics.java,,java.io.ObjectOutputStream,,,,280,,wrong,,FALSE,FALSE,FALSE,FALSE,FALSE,TRUE,,TRUE,TRUE,,,,,,,,FALSE
123,jodatime,cc35fb2,TestInterval_Basics.java,,java.io.ObjectOutputStream,,,,281,,wrong,,FALSE,FALSE,FALSE,FALSE,FALSE,TRUE,,TRUE,TRUE,,,,,,,,FALSE
124,jodatime,cc35fb2,TestLocalDateTime_Basics.java,,java.io.ObjectOutputStream,,,,282,,wrong,,FALSE,FALSE,FALSE,FALSE,FALSE,TRUE,,TRUE,TRUE,,,,,,,,FALSE
125,jodatime,cc35fb2,TestLocalDate_Basics.java,,java.io.ObjectOutputStream,,,,283,,wrong,,FALSE,FALSE,FALSE,FALSE,FALSE,TRUE,,TRUE,TRUE,,,,,,,,FALSE
126,jodatime,cc35fb2,TestLocalTime_Basics.java,,java.io.ObjectOutputStream,,,,284,,wrong,,FALSE,FALSE,FALSE,FALSE,FALSE,TRUE,,TRUE,TRUE,,,,,,,,FALSE
127,jodatime,cc35fb2,TestMinutes.java,,java.io.ObjectOutputStream,,,,285,,wrong,,FALSE,FALSE,FALSE,FALSE,FALSE,TRUE,,TRUE,TRUE,,,,,,,,FALSE
128,jodatime,cc35fb2,TestMonthDay_Basics.java,,java.io.ObjectOutputStream,,,,286,,wrong,,FALSE,FALSE,FALSE,FALSE,FALSE,TRUE,,TRUE,TRUE,,,,,,,,FALSE
129,jodatime,cc35fb2,TestMonths.java,,java.io.ObjectOutputStream,,,,287,,wrong,,FALSE,FALSE,FALSE,FALSE,FALSE,TRUE,,TRUE,TRUE,,,,,,,,FALSE
130,jodatime,cc35fb2,TestMutableDateTime_Basics.java,,java.io.ObjectOutputStream,,,,288,,wrong,,FALSE,FALSE,FALSE,FALSE,FALSE,TRUE,,TRUE,TRUE,,,,,,,,FALSE
131,jodatime,cc35fb2,TestMutableInterval_Basics.java,,java.io.ObjectOutputStream,,,,289,,wrong,,FALSE,FALSE,FALSE,FALSE,FALSE,TRUE,,TRUE,TRUE,,,,,,,,FALSE
132,jodatime,cc35fb2,TestMutablePeriod_Basics.java,,java.io.ObjectOutputStream,,,,290,,wrong,,FALSE,FALSE,FALSE,FALSE,FALSE,TRUE,,TRUE,TRUE,,,,,,,,FALSE
133,jodatime,cc35fb2,TestPartial_Basics.java,,java.io.ObjectOutputStream,,,,291,,wrong,,FALSE,FALSE,FALSE,FALSE,FALSE,TRUE,,TRUE,TRUE,,,,,,,,FALSE
134,jodatime,cc35fb2,TestPeriodType.java,,java.io.ObjectOutputStream,,,,292,,wrong,,FALSE,FALSE,FALSE,FALSE,FALSE,TRUE,,TRUE,TRUE,,,,,,,,FALSE
135,jodatime,cc35fb2,TestPeriodType.java,,java.io.ObjectOutputStream,,,,293,,wrong,,FALSE,FALSE,FALSE,FALSE,FALSE,TRUE,,TRUE,TRUE,,,,,,,,FALSE
136,jodatime,cc35fb2,TestPeriod_Basics.java,,java.io.ObjectOutputStream,,,,294,,wrong,,FALSE,FALSE,FALSE,FALSE,FALSE,TRUE,,TRUE,TRUE,,,,,,,,FALSE
137,jodatime,cc35fb2,TestSeconds.java,,java.io.ObjectOutputStream,,,,295,,wrong,,FALSE,FALSE,FALSE,FALSE,FALSE,TRUE,,TRUE,TRUE,,,,,,,,FALSE
138,jodatime,cc35fb2,TestTimeOfDay_Basics.java,,java.io.ObjectOutputStream,,,,296,,wrong,,FALSE,FALSE,FALSE,FALSE,FALSE,TRUE,,TRUE,TRUE,,,,,,,,FALSE
139,jodatime,cc35fb2,TestWeeks.java,,java.io.ObjectOutputStream,,,,297,,wrong,,FALSE,FALSE,FALSE,FALSE,FALSE,TRUE,,TRUE,TRUE,,,,,,,,FALSE
140,jodatime,cc35fb2,TestYearMonthDay_Basics.java,,java.io.ObjectOutputStream,,,,298,,wrong,,FALSE,FALSE,FALSE,FALSE,FALSE,TRUE,,TRUE,TRUE,,,,,,,,FALSE
141,jodatime,cc35fb2,TestYearMonth_Basics.java,,java.io.ObjectOutputStream,,,,299,,wrong,,FALSE,FALSE,FALSE,FALSE,FALSE,TRUE,,TRUE,TRUE,,,,,,,,FALSE
142,jodatime,cc35fb2,TestYears.java,,java.io.ObjectOutputStream,,,,300,,wrong,,FALSE,FALSE,FALSE,FALSE,FALSE,TRUE,,TRUE,TRUE,,,,,,,,FALSE
143,jodatime,cc35fb2,TestMillisDurationField.java,,java.io.ObjectOutputStream,,,,301,,wrong,,FALSE,FALSE,FALSE,FALSE,FALSE,TRUE,,TRUE,TRUE,,,,,,,,FALSE
144,jodatime,cc35fb2,TestPreciseDurationField.java,,java.io.ObjectOutputStream,,,,302,,wrong,,FALSE,FALSE,FALSE,FALSE,FALSE,TRUE,,TRUE,TRUE,,,,,,,,FALSE
145,jodatime,cc35fb2,TestScaledDurationField.java,,java.io.ObjectOutputStream,,,,303,,wrong,,FALSE,FALSE,FALSE,FALSE,FALSE,TRUE,,TRUE,TRUE,,,,,,,,FALSE
146,jodatime,cc35fb2,TestCachedDateTimeZone.java,,java.io.ObjectOutputStream,,,,304,,wrong,,FALSE,FALSE,FALSE,FALSE,FALSE,TRUE,,TRUE,TRUE,,,,,,,,FALSE
147,jodatime,cc35fb2,TestDateMidnight_Basics.java,,java.io.ObjectOutputStream,,,,339,,wrong,,FALSE,FALSE,FALSE,FALSE,FALSE,FALSE,,FALSE,TRUE,,,,,,,,TRUE
148,jodatime,cc35fb2,DateTimeZoneBuilder.java,Rule(StringTokenizer),java.util.StringTokenizer,,,,361,,exception,,FALSE,FALSE,FALSE,FALSE,FALSE,FALSE,,FALSE,TRUE,,,,,,,,TRUE
149,jodatime,cc35fb2,org/joda/time/tz/ZoneInfoCompiler.java,Zone(StringTokenizer),java.util.StringTokenizer,,,,362,,exception,,FALSE,FALSE,FALSE,FALSE,FALSE,FALSE,,FALSE,TRUE,,,,,,,,TRUE
150,jodatime,cc35fb2,org/joda/time/tz/ZoneInfoCompiler.java,"Zone(String, StringTokenizer)",java.util.StringTokenizer,,,,363,,exception,,FALSE,FALSE,FALSE,FALSE,FALSE,TRUE,,TRUE,TRUE,,,,,,,,FALSE
151,jriecken-gae-java-mini-profiler,80f3a59,com/google/appengine/tools/appstats/MiniProfilerAppstats.java,"getAppstatsDataFor(String, Integer)",java.lang.Long,,,,39,,exception,,FALSE,FALSE,FALSE,FALSE,FALSE,TRUE,,TRUE,TRUE,,,,,,,,FALSE
152,logblock-logblock-2,40548aa,org/logblock/entry/BlobTest.java,paintingTest(),java.io.DataOutputStream,,,,15,,wrong,,FALSE,FALSE,FALSE,FALSE,FALSE,FALSE,,FALSE,TRUE,,,,,,,,TRUE
153,lucene,754,org/apache/lucene/search/FieldCacheImpl.java,"get(IndexReader, Object)",java.util.Map,,,,5,,wrong,,FALSE,FALSE,FALSE,FALSE,FALSE,FALSE,,FALSE,TRUE,,,,,,,,TRUE
154,lucene,1918,org/apache/lucene/index/ParallelReader.java,ParallelTermEnum,java.util.SortedMap,,,,2,,exception,,FALSE,FALSE,FALSE,FALSE,FALSE,FALSE,,FALSE,FALSE,,,,,,,,FALSE
155,lucene,1918,org/apache/lucene/search/BooleanQuery.java,"explain(IndexReader, int)",java.util.Iterator,,,,MUDetect-5,,exception,,TRUE,FALSE,FALSE,TRUE,TRUE,TRUE,,TRUE,FALSE,,,,,,,,FALSE
156,lucene,1918,org/apache/lucene/search/BooleanQuery.java,"scorer(IndexReader, boolean, boolean)",java.util.Iterator,,,,MUDetect-9,,exception,,TRUE,FALSE,FALSE,FALSE,TRUE,TRUE,,TRUE,FALSE,,,,,,,,FALSE
157,lucene,1918,org/apache/lucene/index/IndexWriter.java,_mergeInit(OneMerge),org.apache.lucene.index.SegmentInfos,,,,MUDetect-10,,exception,,FALSE,FALSE,FALSE,FALSE,TRUE,FALSE,,TRUE,TRUE,,,,,,,,FALSE
158,lucene,1918,org/apache/lucene/util/AttributeSource.java,computeCurrentState(),java.util.Iterator,,,,tikanga-0,,exception,,FALSE,FALSE,FALSE,TRUE,TRUE,TRUE,,TRUE,TRUE,,,,,,,,FALSE
159,lucene,1918,org/apache/lucene/index/MergeDocIDRemapper.java,"MergeDocIDRemapper(SegmentInfos, int[][], int[], OneMerge, int)",org.apache.lucene.index.SegmentInfos,,,,tikanga-1,,exception,,TRUE,FALSE,TRUE,TRUE,TRUE,FALSE,,TRUE,TRUE,,,,,,,,FALSE
160,lucene,1918,org/apache/lucene/index/MergeDocIDRemapper.java,"MergeDocIDRemapper(SegmentInfos, int[][], int[], OneMerge, int)",org.apache.lucene.index.SegmentInfos,,,duplicate,tikanga-1a,,exception,,,,,,,,,,,,,,,,,,
161,lucene,1918,org/apache/lucene/index/MergeDocIDRemapper.java,"MergeDocIDRemapper(SegmentInfos, int[][], int[], OneMerge, int)",org.apache.lucene.index.SegmentInfos,,,duplicate,tikanga-1b,,exception,,,,,,,,,,,,,,,,,,
162,lucene,1918,org/apache/lucene/index/MergeDocIDRemapper.java,"MergeDocIDRemapper(SegmentInfos, int[][], int[], OneMerge, int)",org.apache.lucene.index.SegmentInfos,,,duplicate,tikanga-1c,,exception,,,,,,,,,,,,,,,,,,
163,lucene,1918,org/apache/lucene/index/MergeDocIDRemapper.java,"MergeDocIDRemapper(SegmentInfos, int[][], int[], OneMerge, int)",org.apache.lucene.index.SegmentInfos,,,duplicate,tikanga-1d,,exception,,,,,,,,,,,,,,,,,,
164,lucene,1251,org/apache/lucene/store/FSDirectory.java,close(),java.io.RandomAccessFile,,,,1,,resource_leak,,FALSE,FALSE,FALSE,FALSE,FALSE,FALSE,,FALSE,FALSE,,,,,,,,FALSE
165,lucene,207,org/apache/lucene/store/FSDirectory.java,obtain(),java.io.File,,,,3,,exception,,FALSE,FALSE,FALSE,FALSE,FALSE,FALSE,,FALSE,FALSE,,,,,,,,FALSE
166,minecraft-launcher,e62d1bb,net/minecraft/launcher/authentication/BaseAuthenticationService.java,"getCipher(int, String)",javax.crypto.Cipher,,,,1,,wrong,,FALSE,FALSE,FALSE,FALSE,FALSE,FALSE,,FALSE,FALSE,,,,,,,,TRUE
167,mqtt,f438425,org/eclipse/paho/client/mqttv3/internal/wire/MqttSubscribe.java,getPayload(),java.io.DataOutputStream,,,,389,,wrong,,FALSE,FALSE,FALSE,FALSE,FALSE,FALSE,,FALSE,TRUE,,,,,,,,TRUE
168,mqtt,f438425,org/eclipse/paho/client/mqttv3/internal/wire/MqttUnsubscribe.java,getPayload(),java.io.DataOutputStream,,,,390,,wrong,,FALSE,FALSE,FALSE,FALSE,FALSE,FALSE,,FALSE,TRUE,,,,,,,,TRUE
169,progin5,3c01e7a,encryption/RSA.java,"encrypt(String, PublicKey)",javax.crypto.Cipher,,,,1,,wrong,,FALSE,FALSE,FALSE,FALSE,FALSE,FALSE,,FALSE,FALSE,,,,,,,,FALSE
170,rhino,286251,org/mozilla/javascript/Parser.java,function(int),org.mozilla.javascript.IRFactory,,,,1,,wrong,,FALSE,FALSE,FALSE,FALSE,FALSE,FALSE,,FALSE,FALSE,,,,,,,,FALSE
171,saavn,e576758,SaavnFileRunner.java,"decryptPlay(String)""",javax.crypto.Cipher,,,,1,,wrong,,FALSE,FALSE,FALSE,FALSE,FALSE,FALSE,,FALSE,TRUE,,,,,,,,TRUE
172,saavn,e576758,SaavnFileRunner.java,decryptPlay(String),javax.crypto.spec.SecretKeySpec,,,,2,,wrong,,FALSE,FALSE,FALSE,FALSE,FALSE,FALSE,,FALSE,TRUE,,,,,,,,TRUE
173,secure-tcp,aeba19a,org/network/stcp/server/SecureConnectionHandler.java,run(),javax.crypto.Cipher,,,,1,,wrong,,FALSE,FALSE,FALSE,FALSE,FALSE,FALSE,,FALSE,TRUE,,,,,,,,FALSE
174,synthetic_directives,jsl,mubench/examples/directives/AlreadyOnDTE.java,,javax.swing.JFrame,,,,alreadyondte,,wrong,,FALSE,FALSE,FALSE,FALSE,FALSE,FALSE,,FALSE,FALSE,,,,,,,,FALSE
175,synthetic_directives,jsl,mubench/examples/directives/CallOnDTE.java,,javax.swing.JFrame,,,,callondte,,wrong,,FALSE,FALSE,FALSE,FALSE,FALSE,FALSE,,FALSE,FALSE,,,,,,,,TRUE
176,synthetic_directives,jsl,mubench/examples/directives/Deadlock.java,,java.lang.Object,,,,deadlock,,wrong,,FALSE,FALSE,FALSE,FALSE,FALSE,FALSE,,FALSE,FALSE,,,,,,,,FALSE
177,synthetic_directives,jsl,mubench/examples/directives/LateNullCheck.java,,java.lang.Object,,,,latenullcheck,,wrong,,FALSE,FALSE,FALSE,FALSE,FALSE,FALSE,,FALSE,FALSE,,,,,,,,FALSE
178,synthetic_directives,jsl,mubench/examples/directives/MayBeNull.java,,java.lang.Object,,,,maybenull,,exception,,FALSE,FALSE,FALSE,FALSE,FALSE,FALSE,,FALSE,FALSE,,,,,,,,FALSE
179,synthetic_directives,jsl,mubench/examples/directives/Repetitive.java,,java.util.Collection,,,,repetitive,,wrong,,FALSE,FALSE,FALSE,FALSE,FALSE,TRUE,,TRUE,FALSE,,,,,,,,FALSE
180,synthetic_directives,jsl,mubench/examples/directives/SupressError.java,,java.lang.Throwable,,,,supresserror,,wrong,,FALSE,FALSE,FALSE,FALSE,FALSE,FALSE,,FALSE,FALSE,,,,,,,,FALSE
181,synthetic_directives,jsl,mubench/examples/directives/TooRestrictive.java,,java.util.List,,,,toorestrictive,,wrong,,FALSE,FALSE,FALSE,FALSE,FALSE,FALSE,,FALSE,FALSE,,,,,,,,TRUE
182,synthetic_directives,jsl,mubench/examples/directives/Unsynchronized.java,,java.util.Map,,,,unsynchronized,,wrong,,FALSE,FALSE,FALSE,FALSE,FALSE,FALSE,,FALSE,TRUE,,,,,,,,FALSE
183,synthetic_directives,jsl,,,java.lang.Object,,,,wait-loop,,wrong,,FALSE,FALSE,FALSE,FALSE,FALSE,FALSE,,FALSE,FALSE,,,,,,,,FALSE
184,synthetic_java8-misuses,96d0ccb,com/xpinjection/java8/misused/optional/HundredAndOneApproach.java,getPersonCarInsuranceName(Person),java.util.Optional,,,,optional-map-unchecked-get,,exception,,FALSE,FALSE,FALSE,FALSE,FALSE,FALSE,,FALSE,TRUE,,,,,,,,TRUE
185,synthetic_java8-misuses,96d0ccb,com/xpinjection/java8/misused/stream/incorrect/UseStreamMoreThanOnce.java,streamIsClosedAfterTerminalOperation,java.util.stream.IntStream,,,,stream-closed,,exception,,FALSE,FALSE,FALSE,FALSE,FALSE,FALSE,,FALSE,FALSE,,,,,,,,FALSE
186,synthetic_java8-misuses,96d0ccb,com/xpinjection/java8/misused/stream/incorrect/InfiniteStreams.java,infinite(),java.util.stream.IntStream,,,,stream-infinite,,wrong,,FALSE,FALSE,FALSE,FALSE,FALSE,FALSE,,FALSE,FALSE,,,,,,,,FALSE
187,synthetic_java8-misuses,96d0ccb,com/xpinjection/java8/misused/stream/incorrect/InfiniteStreams.java,infinite(),java.util.stream.IntStream,,,,stream-infinite2,,wrong,,FALSE,FALSE,FALSE,FALSE,FALSE,FALSE,,FALSE,FALSE,,,,,,,,FALSE
188,synthetic_java8-misuses,96d0ccb,com/xpinjection/java8/misused/stream/incorrect/ForgotTerminalOperation.java,willDoNothingInReality(),java.util.stream.IntStream,,,,stream-without-terminal,,wrong,,FALSE,FALSE,FALSE,FALSE,FALSE,FALSE,,FALSE,FALSE,,,,,,,,FALSE
189,synthetic_jca,jsl,mubench/examples/jca/Encrypting.java,"encrypt(byte[], byte[])",javax.crypto.Cipher,,,,aes-ecb-mode,,wrong,,FALSE,FALSE,FALSE,FALSE,FALSE,FALSE,,FALSE,TRUE,,,,,,,,TRUE
190,synthetic_jca,jsl,mubench/examples/jca/Encrypting.java,encryptWithKey(byte[]),javax.crypto.spec.SecretKeySpec,,,,static-key,,wrong,,FALSE,FALSE,FALSE,FALSE,FALSE,FALSE,,FALSE,FALSE,,,,,,,,FALSE
191,synthetic_jca,jsl,mubench/examples/jca/ReinitializingCipher.java,"misuse(BufferedReader, Key)",javax.crypto.Cipher,,,,loop-init,,wrong,,FALSE,FALSE,FALSE,FALSE,FALSE,FALSE,,FALSE,TRUE,,,,,,,,TRUE
192,synthetic_survey,jsl,mubench/examples/survey/ArrayAccess.java,"misuse(int[], int)",array,,,,arrayaccess,,exception,,FALSE,FALSE,FALSE,FALSE,FALSE,FALSE,,FALSE,FALSE,,,,,,,,FALSE
193,synthetic_survey,jsl,mubench/examples/survey/Close.java,missingClose(File),java.io.PrintWriter,,,,close-1,,resource_leak,,FALSE,FALSE,FALSE,FALSE,FALSE,FALSE,,FALSE,TRUE,,,,,,,,TRUE
194,synthetic_survey,jsl,mubench/examples/survey/Close.java,missingFinally(File),java.io.PrintWriter,,,,close-2,,resource_leak,,FALSE,FALSE,FALSE,FALSE,FALSE,FALSE,,FALSE,TRUE,,,,,,,,TRUE
195,synthetic_survey,jsl,mubench/examples/survey/CME.java,misuse(Collection),java.util.Iterator,,,,cme,,exception,,FALSE,FALSE,FALSE,FALSE,FALSE,TRUE,,TRUE,FALSE,,,,,,,,FALSE
196,synthetic_survey,jsl,mubench/examples/survey/FISExists.java,misuse(File),java.io.FileInputStream,,,,fisexists,,exception,,FALSE,FALSE,FALSE,FALSE,FALSE,FALSE,,FALSE,FALSE,,,,,,,,FALSE
197,synthetic_survey,jsl,mubench/examples/survey/ByteBufferFlip.java,"needsFlipToReadWhatWasWritten(ByteBuffer, byte[])",java.nio.ByteBuffer,,,,flip-1,,wrong,,FALSE,FALSE,FALSE,FALSE,FALSE,FALSE,,FALSE,FALSE,,,,,,,,FALSE
198,synthetic_survey,jsl,mubench/examples/survey/ByteBufferFlip.java,needsFlipToCopyWhatWasWritten(byte[]),java.nio.ByteBuffer,,,,flip-2,,wrong,,FALSE,FALSE,FALSE,FALSE,FALSE,TRUE,,TRUE,FALSE,,,,,,,,FALSE
199,synthetic_survey,jsl,mubench/examples/survey/ChannelFlush.java,needsFlushToEnsureWrite(ByteBuffer),java.nio.channels.FileChannel,,,,flush,,wrong,,FALSE,FALSE,FALSE,FALSE,FALSE,FALSE,,FALSE,TRUE,,,,,,,,TRUE
200,synthetic_survey,jsl,mubench/examples/survey/OnlyNext.java,misuse(Collection),java.util.Iterator,,,,hasnext,,exception,,FALSE,FALSE,FALSE,FALSE,FALSE,TRUE,,TRUE,TRUE,,,,,,,,FALSE
201,synthetic_survey,jsl,mubench/examples/survey/ListGet.java,"misuse(List, int)",java.util.List,,,,listget,,exception,,FALSE,FALSE,FALSE,FALSE,FALSE,FALSE,,FALSE,,,,,,,,,FALSE
202,synthetic_survey,jsl,mubench/examples/survey/Maps.java,"keyMayBeNull(HashMap, String)",java.util.Map,,,,mapkeynull,,exception,,FALSE,FALSE,FALSE,FALSE,FALSE,FALSE,,FALSE,TRUE,,,,,,,,TRUE
203,synthetic_survey,jsl,mubench/examples/survey/Maps.java,mapMayContainNull(Map),java.util.Map,,,,mapnull,,wrong,,FALSE,FALSE,FALSE,FALSE,FALSE,FALSE,,FALSE,TRUE,,,,,,,,FALSE
204,synthetic_survey,jsl,mubench/examples/survey/NoFile.java,"misuse(Path, byte[])",java.nio.file.Files,,,,nofile,,exception,,FALSE,FALSE,FALSE,FALSE,FALSE,FALSE,,FALSE,FALSE,,,,,,,,FALSE
205,synthetic_survey,jsl,mubench/examples/survey/JFramePack.java,packAfterShowHasNoEffect(JFrame),javax.swing.JFrame,,,,pack-1,,wrong,,FALSE,FALSE,FALSE,FALSE,FALSE,TRUE,,TRUE,TRUE,,,,,,,,FALSE
206,synthetic_survey,jsl,mubench/examples/survey/JFramePack.java,needsPackToLayout(JFrame),javax.swing.JFrame,,,,pack-2,,wrong,,FALSE,FALSE,FALSE,FALSE,FALSE,TRUE,,TRUE,FALSE,,,,,,,,FALSE
207,synthetic_survey,jsl,mubench/examples/survey/SetFirst.java,misuse(Set),java.util.Iterator,,,,setfirst,,exception,,FALSE,FALSE,FALSE,FALSE,FALSE,TRUE,,TRUE,TRUE,,,,,,,,FALSE
208,tbuktu-ntru,8126929,net/sf/ntru/encrypt/EncryptionParameters.java,writeTo(OutputStream),java.io.DataOutputStream,,,,473,,wrong,,FALSE,FALSE,FALSE,FALSE,FALSE,TRUE,,TRUE,TRUE,,,,,,,,FALSE
209,tbuktu-ntru,8126929,net/sf/ntru/sign/SignatureParameters.java,writeTo(OutputStream),java.io.DataOutputStream,,,,474,,wrong,,FALSE,FALSE,FALSE,FALSE,FALSE,TRUE,,TRUE,TRUE,,,,,,,,FALSE
210,tbuktu-ntru,8126929,net/sf/ntru/sign/SignaturePrivateKey.java,getEncoded(),java.io.DataOutputStream,,,,475,,wrong,,FALSE,FALSE,FALSE,FALSE,FALSE,FALSE,,FALSE,TRUE,,,,,,,,TRUE
211,tbuktu-ntru,8126929,net/sf/ntru/sign/SignaturePublicKey.java,getEncoded(),java.io.DataOutputStream,,,,476,,wrong,,FALSE,FALSE,FALSE,FALSE,FALSE,FALSE,,FALSE,TRUE,,,,,,,,TRUE
212,technic-launcher-sp,7809682,org/spoutcraft/launcher/skin/LoginFrame.java,"getCipher(int, String)",javax.crypto.Cipher,,,,1,,wrong,,FALSE,FALSE,FALSE,FALSE,FALSE,FALSE,,FALSE,FALSE,,,,,,,,FALSE
213,testng,677302c,org/testng/reporters/XMLReporter.java,getSuiteAttributes(ISuite),java.util.Collections$SynchronizedCollection,,,,22,,wrong,,FALSE,FALSE,FALSE,FALSE,FALSE,FALSE,,FALSE,FALSE,,,,,,,,FALSE
214,testng,677302c,org/testng/mustache/Model.java,resolveValueToString(String),java.lang.StringBuilder,,,,dmmc-0,,wrong,,TRUE,FALSE,FALSE,FALSE,FALSE,FALSE,,TRUE,FALSE,,,,,,,,FALSE
215,testng,677302c,org/testng/xml/SuiteGenerator.java,"createCustomizedSuite(String, Collection, Collection, Collection, Collection, Map, String, int)",java.util.Iterator,,,,dmmc-4,,exception,,TRUE,FALSE,FALSE,TRUE,TRUE,TRUE,,TRUE,TRUE,,,,,,,,FALSE
216,testng,677302c,org/testng/reporters/JqReporter.java,"generateSuites(List, List, XMLStringBuffer)",org.testng.reporters.XMLStringBuffer,,,,grouminer-4,,exception,,FALSE,TRUE,FALSE,FALSE,TRUE,FALSE,,TRUE,FALSE,,,,,,,,FALSE
217,testng,677302c,org/testng/reporters/jq/ChronologicalPanel.java,"getContent(ISuite, XMLStringBuffer)",org.testng.reporters.XMLStringBuffer,,,,grouminer-17,,exception,,FALSE,TRUE,FALSE,FALSE,TRUE,FALSE,,TRUE,FALSE,,,,,,,,FALSE
218,testng,92e7da1,org/testng/reporters/JUnitXMLReporter.java,generateReport(ITestContext),java.util.Collections$SynchronizedCollection,,,,17,,wrong,,FALSE,FALSE,FALSE,FALSE,FALSE,FALSE,,FALSE,FALSE,,,,,,,,FALSE
219,testng,92e7da1,org/testng/reporters/JUnitXMLReporter.java,generateReport(ITestContext),java.util.Collections$SynchronizedCollection,,,duplicate,18,,wrong,,,,,,,,,#VALUE!,FALSE,,,,,,,,
220,testng,cd80791,org/testng/reporters/jq/Model.java,init(),java.util.Collections$SynchronizedCollection,,,,21,,wrong,,FALSE,FALSE,FALSE,FALSE,FALSE,FALSE,,FALSE,FALSE,,,,,,,,FALSE
221,testng,d6dfce3,org/testng/reporters/jq/ChronologicalPanel.java,"getContent(ISuite, XMLStringBuffer)",java.util.Collections$SynchronizedCollection,,,,16,,wrong,,FALSE,FALSE,FALSE,FALSE,FALSE,FALSE,,FALSE,FALSE,,,,,,,,FALSE
222,thomas-s-b-visualee,410a80f,de/strullerbaumann/visualee/examiner/Examiner.java,findAndSetPackage(JavaSource),java.util.Scanner,,,,29,,exception,,FALSE,FALSE,FALSE,FALSE,FALSE,FALSE,,FALSE,TRUE,,,,,,,,TRUE
223,thomas-s-b-visualee,410a80f,de/strullerbaumann/visualee/examiner/Examiner.java ,"jumpOverJavaToken(String, Scanner)",java.util.Scanner,,,,30,,exception,,TRUE,FALSE,FALSE,FALSE,TRUE,TRUE,,TRUE,TRUE,,,,,,,,FALSE
224,thomas-s-b-visualee,410a80f,de/strullerbaumann/visualee/examiner/Examiner.java,"scanAfterClosedParenthesis(String, Scanner)",java.util.Scanner,,,,32,,exception,,FALSE,FALSE,FALSE,FALSE,TRUE,TRUE,,TRUE,TRUE,,,,,,,,FALSE
225,yapps,1ae52b0,com/vouov/yapps/util/AESUtils.java,"aes(int, String, byte[])",javax.crypto.Cipher,,,,1,,wrong,,FALSE,FALSE,FALSE,FALSE,FALSE,FALSE,,FALSE,FALSE,,,,,,,,FALSE
,,,,,,,,,,,,,24,7,15,17,47,95,,,,,,,,,,,
,,,,,,,,total dups,,,,,,,,,,,,,,,,,,,,,
,,,,,,,,15,,,,,21,5,7,13,42,90,,111,122,,,,,,,,41
,,,Total unique sites=,225 - 15,,,,,,,,,DMMC,GrouMiner,Jadet,Tikanga,MUDetect,MUDetectXP,,COMPOSITE,ALP,,,,,,,,ALP uniq
,,,,210,,,,,,,,,,,,,,,,,,,,,,,,,
,,,,,,,,,,,,,,,,,,,,,,,,,,,,,
,,,remove  map non-misuse,209,,,,,,,,,,,,,,,,,,,,,,,,,
,,,remove battleforge,208,,,,,,,,,,,,,,,,,,,,,,,,,